-- phpMyAdmin SQL Dump
-- version 4.1.12
-- http://www.phpmyadmin.net
--
-- Host: 127.0.0.1
-- Generation Time: 25 Agu 2018 pada 04.50
-- Versi Server: 5.6.16
-- PHP Version: 5.5.11

SET SQL_MODE = "NO_AUTO_VALUE_ON_ZERO";
SET time_zone = "+00:00";


/*!40101 SET @OLD_CHARACTER_SET_CLIENT=@@CHARACTER_SET_CLIENT */;
/*!40101 SET @OLD_CHARACTER_SET_RESULTS=@@CHARACTER_SET_RESULTS */;
/*!40101 SET @OLD_COLLATION_CONNECTION=@@COLLATION_CONNECTION */;
/*!40101 SET NAMES utf8 */;

--
-- Database: `penjualan_db`
--

-- --------------------------------------------------------

--
-- Struktur dari tabel `barang_masuk`
--

CREATE TABLE IF NOT EXISTS `barang_masuk` (
  `id` int(11) NOT NULL AUTO_INCREMENT,
  `nama` varchar(50) NOT NULL,
  `stock` varchar(30) NOT NULL,
  `tanggal` date NOT NULL,
  `harga` decimal(11,2) NOT NULL,
  PRIMARY KEY (`id`)
) ENGINE=InnoDB  DEFAULT CHARSET=latin1 AUTO_INCREMENT=35 ;

--
-- Dumping data untuk tabel `barang_masuk`
--

INSERT INTO `barang_masuk` (`id`, `nama`, `stock`, `tanggal`, `harga`) VALUES
(25, 'Gula', '1 kg', '2018-07-17', '16000.00'),
(26, 'Kopi ABC', '20 Scht', '2018-07-16', '20000.00'),
(27, 'Gula', '1 kg', '2018-07-16', '21000.00'),
(29, 'Permen Susu', '10', '2018-07-17', '5000.00'),
(30, 'Gula', '1 KG', '2018-07-17', '16000.00'),
(31, 'Permen Susu', '10', '2018-07-17', '5000.00'),
(34, 'Susu Kental Manis', '1 Kaleng', '2018-07-17', '20000.00');

-- --------------------------------------------------------

--
-- Struktur dari tabel `m_bahan`
--

CREATE TABLE IF NOT EXISTS `m_bahan` (
  `id_bahan` int(11) NOT NULL AUTO_INCREMENT,
  `stock` int(5) NOT NULL,
  `satuan` int(5) NOT NULL,
  `nama` varchar(50) NOT NULL,
  PRIMARY KEY (`id_bahan`)
) ENGINE=InnoDB  DEFAULT CHARSET=latin1 AUTO_INCREMENT=8 ;

--
-- Dumping data untuk tabel `m_bahan`
--

INSERT INTO `m_bahan` (`id_bahan`, `stock`, `satuan`, `nama`) VALUES
(1, 2250, 1, 'Gula'),
(2, 187, 2, 'Kopi'),
(3, 199, 0, 'Kopi Latte'),
(4, 1000, 0, 'Jeruk'),
(5, 990, 0, 'Susu Kental Manis'),
(6, 1000, 0, 'MARIMAS'),
(7, 1004, 0, 'teh');

-- --------------------------------------------------------

--
-- Struktur dari tabel `m_diskon`
--

CREATE TABLE IF NOT EXISTS `m_diskon` (
  `id` int(11) NOT NULL AUTO_INCREMENT,
  `id_barang` int(11) NOT NULL,
  `diskon` int(3) NOT NULL,
  PRIMARY KEY (`id`)
) ENGINE=InnoDB DEFAULT CHARSET=latin1 AUTO_INCREMENT=1 ;

-- --------------------------------------------------------

--
-- Struktur dari tabel `m_resep`
--

CREATE TABLE IF NOT EXISTS `m_resep` (
  `id_menu` int(11) NOT NULL,
  `id_bahan` int(11) NOT NULL,
  `jumlah` int(4) NOT NULL,
  `id_resep` int(11) NOT NULL AUTO_INCREMENT,
  PRIMARY KEY (`id_resep`)
) ENGINE=InnoDB  DEFAULT CHARSET=latin1 AUTO_INCREMENT=22 ;

--
-- Dumping data untuk tabel `m_resep`
--

INSERT INTO `m_resep` (`id_menu`, `id_bahan`, `jumlah`, `id_resep`) VALUES
(17, 1, 100, 1),
(17, 4, 2, 2),
(19, 2, 1, 4),
(19, 1, 100, 5),
(20, 3, 1, 6),
(20, 1, 150, 7),
(20, 5, 10, 8),
(22, 4, 1, 9),
(22, 1, 100, 10),
(26, 1, 100, 11),
(26, 5, 10, 12),
(27, 1, 100, 13),
(27, 2, 1, 14),
(28, 1, 100, 16),
(31, 6, 1, 17),
(28, 7, 1, 18),
(32, 4, 1, 19),
(32, 1, 4, 20),
(32, 4, 32434, 21);

-- --------------------------------------------------------

--
-- Struktur dari tabel `pj_akses`
--

CREATE TABLE IF NOT EXISTS `pj_akses` (
  `id_akses` tinyint(1) unsigned NOT NULL AUTO_INCREMENT,
  `label` varchar(10) NOT NULL,
  `level_akses` varchar(15) NOT NULL,
  PRIMARY KEY (`id_akses`)
) ENGINE=MyISAM  DEFAULT CHARSET=latin1 AUTO_INCREMENT=5 ;

--
-- Dumping data untuk tabel `pj_akses`
--

INSERT INTO `pj_akses` (`id_akses`, `label`, `level_akses`) VALUES
(1, 'admin', 'Administrator'),
(2, 'kasir', 'Staff Kasir'),
(3, 'inventory', 'Staff Inventory'),
(4, 'keuangan', 'Staff Keuangan');

-- --------------------------------------------------------

--
-- Struktur dari tabel `pj_barang`
--

CREATE TABLE IF NOT EXISTS `pj_barang` (
  `id_barang` int(1) unsigned NOT NULL AUTO_INCREMENT,
  `kode_barang` varchar(40) NOT NULL,
  `nama_barang` varchar(60) NOT NULL,
  `total_stok` mediumint(1) unsigned NOT NULL,
  `harga` decimal(10,0) NOT NULL,
  `diskon` float NOT NULL,
  `id_kategori_barang` mediumint(1) unsigned NOT NULL,
  `keterangan` text NOT NULL,
  `dihapus` enum('tidak','ya') NOT NULL,
  PRIMARY KEY (`id_barang`)
) ENGINE=MyISAM  DEFAULT CHARSET=latin1 AUTO_INCREMENT=33 ;

--
-- Dumping data untuk tabel `pj_barang`
--

INSERT INTO `pj_barang` (`id_barang`, `kode_barang`, `nama_barang`, `total_stok`, `harga`, `diskon`, `id_kategori_barang`, `keterangan`, `dihapus`) VALUES
(17, '1001', 'Red Velvet', 10, '10000', 0, 11, '', 'tidak'),
(19, '1002', 'Americano', 9, '12000', 20, 12, '', 'tidak'),
(20, '1003', 'Cafe Latte', 16, '20000', 0, 12, '', 'tidak'),
(21, 'AYM1', 'Ayam Bakar', 4, '15000', 15, 15, 'Enak dan Lezat', 'ya'),
(29, 'SKR001', 'Sukro', 60, '1000', 0, 16, '', 'ya'),
(22, '0023', 'Ekstrajos Susu', 9, '5000', 0, 13, '', 'tidak'),
(23, 'AYT001', 'Ayam Taliwang', 10, '25000', 0, 15, '', 'ya'),
(24, 'KS0001', 'Kopi Susu', 20, '3000', 0, 12, '', 'ya'),
(25, 'PLC001', 'Pelcing', 10, '5000', 0, 15, '', 'ya'),
(26, 'THM001', 'Teh Melati', 19, '5000', 0, 14, '', 'tidak'),
(27, 'THH001', 'Teh Hijau', 10, '5000', 0, 14, '', 'tidak'),
(28, 'THM', 'Teh Manis', 6, '5000', 0, 14, '', 'tidak'),
(30, 'skm00152', 'susu kental manis', 98, '1600', 15, 13, '', 'ya'),
(31, 'MRNS', 'MARIMAS', 0, '5000', 20, 11, '', 'tidak'),
(32, '123432', 'OTE', 0, '1000', 20, 15, '', 'tidak');

-- --------------------------------------------------------

--
-- Struktur dari tabel `pj_ci_sessions`
--

CREATE TABLE IF NOT EXISTS `pj_ci_sessions` (
  `id` varchar(40) NOT NULL,
  `ip_address` varchar(45) NOT NULL,
  `timestamp` int(10) unsigned NOT NULL DEFAULT '0',
  `data` blob NOT NULL,
  KEY `ci_sessions_timestamp` (`timestamp`)
) ENGINE=InnoDB DEFAULT CHARSET=latin1;

--
-- Dumping data untuk tabel `pj_ci_sessions`
--

INSERT INTO `pj_ci_sessions` (`id`, `ip_address`, `timestamp`, `data`) VALUES
('bfc2eca606f24a2022930cebde1552e31df1a63c', '::1', 1522059941, 0x5f5f63695f6c6173745f726567656e65726174657c693a313532323035393336303b61705f69645f757365727c733a313a2231223b61705f70617373776f72647c733a34303a2264303333653232616533343861656235363630666332313430616563333538353063346461393937223b61705f6e616d617c733a31303a2242616e672041646d696e223b61705f6c6576656c7c733a353a2261646d696e223b61705f6c6576656c5f63617074696f6e7c733a31333a2241646d696e6973747261746f72223b),
('487b950c971f920c5aa7215779b41c0502b38008', '::1', 1522060304, 0x5f5f63695f6c6173745f726567656e65726174657c693a313532323036303034303b61705f69645f757365727c733a313a2231223b61705f70617373776f72647c733a34303a2264303333653232616533343861656235363630666332313430616563333538353063346461393937223b61705f6e616d617c733a31303a2242616e672041646d696e223b61705f6c6576656c7c733a353a2261646d696e223b61705f6c6576656c5f63617074696f6e7c733a31333a2241646d696e6973747261746f72223b),
('eb73215b53dbd00b7f1c1c3cfcbc79001e0190fe', '::1', 1522060697, 0x5f5f63695f6c6173745f726567656e65726174657c693a313532323036303535303b61705f69645f757365727c733a313a2231223b61705f70617373776f72647c733a34303a2264303333653232616533343861656235363630666332313430616563333538353063346461393937223b61705f6e616d617c733a31303a2242616e672041646d696e223b61705f6c6576656c7c733a353a2261646d696e223b61705f6c6576656c5f63617074696f6e7c733a31333a2241646d696e6973747261746f72223b),
('3fd218a590807947bcafdf281f70a54b79b7ea3e', '::1', 1522061564, 0x5f5f63695f6c6173745f726567656e65726174657c693a313532323036313532333b61705f69645f757365727c733a313a2231223b61705f70617373776f72647c733a34303a2264303333653232616533343861656235363630666332313430616563333538353063346461393937223b61705f6e616d617c733a31303a2242616e672041646d696e223b61705f6c6576656c7c733a353a2261646d696e223b61705f6c6576656c5f63617074696f6e7c733a31333a2241646d696e6973747261746f72223b),
('512146371f382f10a76a387cfe90eda6ba3a77f3', '::1', 1522062163, 0x5f5f63695f6c6173745f726567656e65726174657c693a313532323036313834383b61705f69645f757365727c733a313a2231223b61705f70617373776f72647c733a34303a2264303333653232616533343861656235363630666332313430616563333538353063346461393937223b61705f6e616d617c733a31303a2242616e672041646d696e223b61705f6c6576656c7c733a353a2261646d696e223b61705f6c6576656c5f63617074696f6e7c733a31333a2241646d696e6973747261746f72223b),
('1d22fe697ff7d863d93a7302ca0aa2716d223e1c', '::1', 1522062375, 0x5f5f63695f6c6173745f726567656e65726174657c693a313532323036323137333b61705f69645f757365727c733a313a2231223b61705f70617373776f72647c733a34303a2264303333653232616533343861656235363630666332313430616563333538353063346461393937223b61705f6e616d617c733a31303a2242616e672041646d696e223b61705f6c6576656c7c733a353a2261646d696e223b61705f6c6576656c5f63617074696f6e7c733a31333a2241646d696e6973747261746f72223b),
('38cbc555e0989934668680c5b5e38f9c1d2459bd', '::1', 1522062832, 0x5f5f63695f6c6173745f726567656e65726174657c693a313532323036323535383b61705f69645f757365727c733a313a2231223b61705f70617373776f72647c733a34303a2264303333653232616533343861656235363630666332313430616563333538353063346461393937223b61705f6e616d617c733a31303a2242616e672041646d696e223b61705f6c6576656c7c733a353a2261646d696e223b61705f6c6576656c5f63617074696f6e7c733a31333a2241646d696e6973747261746f72223b),
('40f3b9c215ba0320f65aadc1a3d0a8d77b337c67', '::1', 1522063259, 0x5f5f63695f6c6173745f726567656e65726174657c693a313532323036323930353b61705f69645f757365727c733a313a2231223b61705f70617373776f72647c733a34303a2264303333653232616533343861656235363630666332313430616563333538353063346461393937223b61705f6e616d617c733a31303a2242616e672041646d696e223b61705f6c6576656c7c733a353a2261646d696e223b61705f6c6576656c5f63617074696f6e7c733a31333a2241646d696e6973747261746f72223b),
('caba2c764bd8039af3452cec7ea0bb78f520429a', '::1', 1522064347, 0x5f5f63695f6c6173745f726567656e65726174657c693a313532323036333939373b61705f69645f757365727c733a313a2231223b61705f70617373776f72647c733a34303a2264303333653232616533343861656235363630666332313430616563333538353063346461393937223b61705f6e616d617c733a31303a2242616e672041646d696e223b61705f6c6576656c7c733a353a2261646d696e223b61705f6c6576656c5f63617074696f6e7c733a31333a2241646d696e6973747261746f72223b),
('312986e0563b3394b6bd712df61c9990ab3229cb', '::1', 1522064645, 0x5f5f63695f6c6173745f726567656e65726174657c693a313532323036343334383b61705f69645f757365727c733a313a2231223b61705f70617373776f72647c733a34303a2264303333653232616533343861656235363630666332313430616563333538353063346461393937223b61705f6e616d617c733a31303a2242616e672041646d696e223b61705f6c6576656c7c733a353a2261646d696e223b61705f6c6576656c5f63617074696f6e7c733a31333a2241646d696e6973747261746f72223b),
('48246e2cd15f3c2a02b7adc438a2bb35eecb5be1', '::1', 1522065100, 0x5f5f63695f6c6173745f726567656e65726174657c693a313532323036343635313b61705f69645f757365727c733a313a2231223b61705f70617373776f72647c733a34303a2264303333653232616533343861656235363630666332313430616563333538353063346461393937223b61705f6e616d617c733a31303a2242616e672041646d696e223b61705f6c6576656c7c733a353a2261646d696e223b61705f6c6576656c5f63617074696f6e7c733a31333a2241646d696e6973747261746f72223b),
('80ec9e27322c02c58e379e26086fcf3a848b4746', '::1', 1522065176, 0x5f5f63695f6c6173745f726567656e65726174657c693a313532323036353130383b61705f69645f757365727c733a313a2231223b61705f70617373776f72647c733a34303a2264303333653232616533343861656235363630666332313430616563333538353063346461393937223b61705f6e616d617c733a31303a2242616e672041646d696e223b61705f6c6576656c7c733a353a2261646d696e223b61705f6c6576656c5f63617074696f6e7c733a31333a2241646d696e6973747261746f72223b),
('870396e043a0c4e5ce98538073a99ad88414a005', '::1', 1522087492, 0x5f5f63695f6c6173745f726567656e65726174657c693a313532323038373136383b61705f69645f757365727c733a313a2231223b61705f70617373776f72647c733a34303a2264303333653232616533343861656235363630666332313430616563333538353063346461393937223b61705f6e616d617c733a31303a2242616e672041646d696e223b61705f6c6576656c7c733a353a2261646d696e223b61705f6c6576656c5f63617074696f6e7c733a31333a2241646d696e6973747261746f72223b),
('5d9dd2042abfb8530b7e04f6e6ddf89c1ed70502', '::1', 1522087673, 0x5f5f63695f6c6173745f726567656e65726174657c693a313532323038373531303b61705f69645f757365727c733a313a2231223b61705f70617373776f72647c733a34303a2264303333653232616533343861656235363630666332313430616563333538353063346461393937223b61705f6e616d617c733a31303a2242616e672041646d696e223b61705f6c6576656c7c733a353a2261646d696e223b61705f6c6576656c5f63617074696f6e7c733a31333a2241646d696e6973747261746f72223b),
('c345065202ada151e87be1f3d291c91b820d049d', '::1', 1522365344, 0x5f5f63695f6c6173745f726567656e65726174657c693a313532323336353134333b),
('5aab18394d1af2fe6409ba1163c8dff198e2f796', '::1', 1523846870, 0x5f5f63695f6c6173745f726567656e65726174657c693a313532333834363531383b61705f69645f757365727c733a313a2231223b61705f70617373776f72647c733a34303a2264303333653232616533343861656235363630666332313430616563333538353063346461393937223b61705f6e616d617c733a31303a2242616e672041646d696e223b61705f6c6576656c7c733a353a2261646d696e223b61705f6c6576656c5f63617074696f6e7c733a31333a2241646d696e6973747261746f72223b),
('117cae5f0c22212de7adf711330bbc7821c322e2', '::1', 1523846941, 0x5f5f63695f6c6173745f726567656e65726174657c693a313532333834363838373b61705f69645f757365727c733a313a2231223b61705f70617373776f72647c733a34303a2264303333653232616533343861656235363630666332313430616563333538353063346461393937223b61705f6e616d617c733a31303a2242616e672041646d696e223b61705f6c6576656c7c733a353a2261646d696e223b61705f6c6576656c5f63617074696f6e7c733a31333a2241646d696e6973747261746f72223b),
('5e9275f5cea6fcf55adff98961df2693971d97b6', '::1', 1523847852, 0x5f5f63695f6c6173745f726567656e65726174657c693a313532333834373536383b61705f69645f757365727c733a313a2231223b61705f70617373776f72647c733a34303a2264303333653232616533343861656235363630666332313430616563333538353063346461393937223b61705f6e616d617c733a31303a2242616e672041646d696e223b61705f6c6576656c7c733a353a2261646d696e223b61705f6c6576656c5f63617074696f6e7c733a31333a2241646d696e6973747261746f72223b),
('161d6d87d0e53ecf9f29c0109a5de75d1d027a13', '::1', 1523848341, 0x5f5f63695f6c6173745f726567656e65726174657c693a313532333834383030373b61705f69645f757365727c733a313a2231223b61705f70617373776f72647c733a34303a2264303333653232616533343861656235363630666332313430616563333538353063346461393937223b61705f6e616d617c733a31303a2242616e672041646d696e223b61705f6c6576656c7c733a353a2261646d696e223b61705f6c6576656c5f63617074696f6e7c733a31333a2241646d696e6973747261746f72223b),
('c3f86727c5d0ed7c54659b22243bbe7981a27c7d', '::1', 1523848681, 0x5f5f63695f6c6173745f726567656e65726174657c693a313532333834383334333b61705f69645f757365727c733a313a2231223b61705f70617373776f72647c733a34303a2264303333653232616533343861656235363630666332313430616563333538353063346461393937223b61705f6e616d617c733a31303a2242616e672041646d696e223b61705f6c6576656c7c733a353a2261646d696e223b61705f6c6576656c5f63617074696f6e7c733a31333a2241646d696e6973747261746f72223b),
('ba35325e5ec09430042dbee5aa077757a9d2df74', '::1', 1523849526, 0x5f5f63695f6c6173745f726567656e65726174657c693a313532333834393338313b61705f69645f757365727c733a313a2231223b61705f70617373776f72647c733a34303a2264303333653232616533343861656235363630666332313430616563333538353063346461393937223b61705f6e616d617c733a31303a2242616e672041646d696e223b61705f6c6576656c7c733a353a2261646d696e223b61705f6c6576656c5f63617074696f6e7c733a31333a2241646d696e6973747261746f72223b),
('3e7e49ac2c6a73d094f43c3d59a59cee68dbe4c7', '::1', 1523849966, 0x5f5f63695f6c6173745f726567656e65726174657c693a313532333834393732313b61705f69645f757365727c733a313a2231223b61705f70617373776f72647c733a34303a2264303333653232616533343861656235363630666332313430616563333538353063346461393937223b61705f6e616d617c733a31303a2242616e672041646d696e223b61705f6c6576656c7c733a353a2261646d696e223b61705f6c6576656c5f63617074696f6e7c733a31333a2241646d696e6973747261746f72223b),
('bb05c3e4b267105c9109eff1a86edfc4132150b4', '::1', 1523850399, 0x5f5f63695f6c6173745f726567656e65726174657c693a313532333835303333323b61705f69645f757365727c733a313a2231223b61705f70617373776f72647c733a34303a2264303333653232616533343861656235363630666332313430616563333538353063346461393937223b61705f6e616d617c733a31303a2242616e672041646d696e223b61705f6c6576656c7c733a353a2261646d696e223b61705f6c6576656c5f63617074696f6e7c733a31333a2241646d696e6973747261746f72223b),
('129303e7002b0a2eb50c8cd1ea4f8b7d147617a8', '::1', 1523852405, 0x5f5f63695f6c6173745f726567656e65726174657c693a313532333835323131353b61705f69645f757365727c733a313a2231223b61705f70617373776f72647c733a34303a2264303333653232616533343861656235363630666332313430616563333538353063346461393937223b61705f6e616d617c733a31303a2242616e672041646d696e223b61705f6c6576656c7c733a353a2261646d696e223b61705f6c6576656c5f63617074696f6e7c733a31333a2241646d696e6973747261746f72223b),
('d17d77f9f78a89e6f45188c83a6697817a082662', '::1', 1523852461, 0x5f5f63695f6c6173745f726567656e65726174657c693a313532333835323436313b61705f69645f757365727c733a313a2231223b61705f70617373776f72647c733a34303a2264303333653232616533343861656235363630666332313430616563333538353063346461393937223b61705f6e616d617c733a31303a2242616e672041646d696e223b61705f6c6576656c7c733a353a2261646d696e223b61705f6c6576656c5f63617074696f6e7c733a31333a2241646d696e6973747261746f72223b),
('c2ca94f7365d704059a7d525d1692c7506869387', '::1', 1523853028, 0x5f5f63695f6c6173745f726567656e65726174657c693a313532333835323737383b61705f69645f757365727c733a313a2231223b61705f70617373776f72647c733a34303a2264303333653232616533343861656235363630666332313430616563333538353063346461393937223b61705f6e616d617c733a31303a2242616e672041646d696e223b61705f6c6576656c7c733a353a2261646d696e223b61705f6c6576656c5f63617074696f6e7c733a31333a2241646d696e6973747261746f72223b),
('adf0e3e2a94ad0d63ac078164ee909b3f9d46307', '::1', 1523853412, 0x5f5f63695f6c6173745f726567656e65726174657c693a313532333835333133393b61705f69645f757365727c733a313a2231223b61705f70617373776f72647c733a34303a2264303333653232616533343861656235363630666332313430616563333538353063346461393937223b61705f6e616d617c733a31303a2242616e672041646d696e223b61705f6c6576656c7c733a353a2261646d696e223b61705f6c6576656c5f63617074696f6e7c733a31333a2241646d696e6973747261746f72223b),
('d02855b0e5c331b28ca306c0addba580517768de', '::1', 1523853748, 0x5f5f63695f6c6173745f726567656e65726174657c693a313532333835333434383b61705f69645f757365727c733a313a2231223b61705f70617373776f72647c733a34303a2264303333653232616533343861656235363630666332313430616563333538353063346461393937223b61705f6e616d617c733a31303a2242616e672041646d696e223b61705f6c6576656c7c733a353a2261646d696e223b61705f6c6576656c5f63617074696f6e7c733a31333a2241646d696e6973747261746f72223b),
('f50acca31c3ef3fc88e7ec3ad2393c7a52cc3580', '::1', 1523854042, 0x5f5f63695f6c6173745f726567656e65726174657c693a313532333835333735303b61705f69645f757365727c733a313a2231223b61705f70617373776f72647c733a34303a2264303333653232616533343861656235363630666332313430616563333538353063346461393937223b61705f6e616d617c733a31303a2242616e672041646d696e223b61705f6c6576656c7c733a353a2261646d696e223b61705f6c6576656c5f63617074696f6e7c733a31333a2241646d696e6973747261746f72223b),
('b2a8d2331710a7b05ff8a05c257467d11e3bfbdc', '::1', 1523854470, 0x5f5f63695f6c6173745f726567656e65726174657c693a313532333835343232363b61705f69645f757365727c733a313a2231223b61705f70617373776f72647c733a34303a2264303333653232616533343861656235363630666332313430616563333538353063346461393937223b61705f6e616d617c733a31303a2242616e672041646d696e223b61705f6c6576656c7c733a353a2261646d696e223b61705f6c6576656c5f63617074696f6e7c733a31333a2241646d696e6973747261746f72223b),
('d95f1e3dd85918d9d6feb8d14a8e327c56639723', '::1', 1523915955, 0x5f5f63695f6c6173745f726567656e65726174657c693a313532333931343333313b61705f69645f757365727c733a313a2231223b61705f70617373776f72647c733a34303a2264303333653232616533343861656235363630666332313430616563333538353063346461393937223b61705f6e616d617c733a31303a2242616e672041646d696e223b61705f6c6576656c7c733a353a2261646d696e223b61705f6c6576656c5f63617074696f6e7c733a31333a2241646d696e6973747261746f72223b),
('1597a56e4db5dc848f8abf69d34d9a218a157f1e', '::1', 1523916120, 0x5f5f63695f6c6173745f726567656e65726174657c693a313532333931363132303b61705f69645f757365727c733a313a2231223b61705f70617373776f72647c733a34303a2264303333653232616533343861656235363630666332313430616563333538353063346461393937223b61705f6e616d617c733a31303a2242616e672041646d696e223b61705f6c6576656c7c733a353a2261646d696e223b61705f6c6576656c5f63617074696f6e7c733a31333a2241646d696e6973747261746f72223b),
('f4fee4dba02a3dfeae8552546a2ffd79dd1bbaca', '::1', 1524000430, 0x5f5f63695f6c6173745f726567656e65726174657c693a313532343030303431343b61705f69645f757365727c733a313a2231223b61705f70617373776f72647c733a34303a2264303333653232616533343861656235363630666332313430616563333538353063346461393937223b61705f6e616d617c733a31303a2242616e672041646d696e223b61705f6c6576656c7c733a353a2261646d696e223b61705f6c6576656c5f63617074696f6e7c733a31333a2241646d696e6973747261746f72223b),
('6e4e16a7b302af632a765c58ab24576eb7c9aec6', '::1', 1524015062, 0x5f5f63695f6c6173745f726567656e65726174657c693a313532343031353036323b61705f69645f757365727c733a313a2231223b61705f70617373776f72647c733a34303a2264303333653232616533343861656235363630666332313430616563333538353063346461393937223b61705f6e616d617c733a31303a2242616e672041646d696e223b61705f6c6576656c7c733a353a2261646d696e223b61705f6c6576656c5f63617074696f6e7c733a31333a2241646d696e6973747261746f72223b),
('82c626b1b2dd5386cd6465ef6aa91429f5ca0261', '::1', 1524015570, 0x5f5f63695f6c6173745f726567656e65726174657c693a313532343031353434313b61705f69645f757365727c733a313a2231223b61705f70617373776f72647c733a34303a2264303333653232616533343861656235363630666332313430616563333538353063346461393937223b61705f6e616d617c733a31303a2242616e672041646d696e223b61705f6c6576656c7c733a353a2261646d696e223b61705f6c6576656c5f63617074696f6e7c733a31333a2241646d696e6973747261746f72223b),
('3a7c3a9be3f03312040e04c5defac5935048e707', '::1', 1524016320, 0x5f5f63695f6c6173745f726567656e65726174657c693a313532343031363332303b61705f69645f757365727c733a313a2231223b61705f70617373776f72647c733a34303a2264303333653232616533343861656235363630666332313430616563333538353063346461393937223b61705f6e616d617c733a31303a2242616e672041646d696e223b61705f6c6576656c7c733a353a2261646d696e223b61705f6c6576656c5f63617074696f6e7c733a31333a2241646d696e6973747261746f72223b),
('61b6e9000f100dd4037e2a5ff9cb2dae2b6b8ccf', '::1', 1524017062, 0x5f5f63695f6c6173745f726567656e65726174657c693a313532343031363734343b61705f69645f757365727c733a313a2231223b61705f70617373776f72647c733a34303a2264303333653232616533343861656235363630666332313430616563333538353063346461393937223b61705f6e616d617c733a31303a2242616e672041646d696e223b61705f6c6576656c7c733a353a2261646d696e223b61705f6c6576656c5f63617074696f6e7c733a31333a2241646d696e6973747261746f72223b),
('5d6d179a695b2ea0800ec70c4f432676c732442d', '::1', 1524017328, 0x5f5f63695f6c6173745f726567656e65726174657c693a313532343031373036383b61705f69645f757365727c733a313a2231223b61705f70617373776f72647c733a34303a2264303333653232616533343861656235363630666332313430616563333538353063346461393937223b61705f6e616d617c733a31303a2242616e672041646d696e223b61705f6c6576656c7c733a353a2261646d696e223b61705f6c6576656c5f63617074696f6e7c733a31333a2241646d696e6973747261746f72223b),
('9576a68ac4de3fa23dd789de6dc90adff56581de', '::1', 1524017471, 0x5f5f63695f6c6173745f726567656e65726174657c693a313532343031373432343b61705f69645f757365727c733a313a2231223b61705f70617373776f72647c733a34303a2264303333653232616533343861656235363630666332313430616563333538353063346461393937223b61705f6e616d617c733a31303a2242616e672041646d696e223b61705f6c6576656c7c733a353a2261646d696e223b61705f6c6576656c5f63617074696f6e7c733a31333a2241646d696e6973747261746f72223b),
('05cd49353f6cc586eb414f6fe3cd806ade9abc46', '::1', 1524018090, 0x5f5f63695f6c6173745f726567656e65726174657c693a313532343031373931333b61705f69645f757365727c733a313a2231223b61705f70617373776f72647c733a34303a2264303333653232616533343861656235363630666332313430616563333538353063346461393937223b61705f6e616d617c733a31303a2242616e672041646d696e223b61705f6c6576656c7c733a353a2261646d696e223b61705f6c6576656c5f63617074696f6e7c733a31333a2241646d696e6973747261746f72223b),
('2e20509f5051e8fbc5b84b70debaecdcc5434877', '::1', 1524018587, 0x5f5f63695f6c6173745f726567656e65726174657c693a313532343031383331353b61705f69645f757365727c733a313a2231223b61705f70617373776f72647c733a34303a2264303333653232616533343861656235363630666332313430616563333538353063346461393937223b61705f6e616d617c733a31303a2242616e672041646d696e223b61705f6c6576656c7c733a353a2261646d696e223b61705f6c6576656c5f63617074696f6e7c733a31333a2241646d696e6973747261746f72223b),
('056fa140878fb7d05fed2bc7cf680e52b747e8e3', '::1', 1524019026, 0x5f5f63695f6c6173745f726567656e65726174657c693a313532343031383632363b61705f69645f757365727c733a313a2231223b61705f70617373776f72647c733a34303a2264303333653232616533343861656235363630666332313430616563333538353063346461393937223b61705f6e616d617c733a31303a2242616e672041646d696e223b61705f6c6576656c7c733a353a2261646d696e223b61705f6c6576656c5f63617074696f6e7c733a31333a2241646d696e6973747261746f72223b),
('623b28892dcdd7b0a674dd90165c93392894893c', '::1', 1524019309, 0x5f5f63695f6c6173745f726567656e65726174657c693a313532343031393033363b61705f69645f757365727c733a313a2231223b61705f70617373776f72647c733a34303a2264303333653232616533343861656235363630666332313430616563333538353063346461393937223b61705f6e616d617c733a31303a2242616e672041646d696e223b61705f6c6576656c7c733a353a2261646d696e223b61705f6c6576656c5f63617074696f6e7c733a31333a2241646d696e6973747261746f72223b),
('c88fad12a26b85a3986c30ff247faddd0eb5e6f9', '::1', 1524019850, 0x5f5f63695f6c6173745f726567656e65726174657c693a313532343031393538353b61705f69645f757365727c733a313a2231223b61705f70617373776f72647c733a34303a2264303333653232616533343861656235363630666332313430616563333538353063346461393937223b61705f6e616d617c733a31303a2242616e672041646d696e223b61705f6c6576656c7c733a353a2261646d696e223b61705f6c6576656c5f63617074696f6e7c733a31333a2241646d696e6973747261746f72223b),
('e00044b634b6f94032c63963c3af26f7a74278b4', '::1', 1524019983, 0x5f5f63695f6c6173745f726567656e65726174657c693a313532343031393932373b61705f69645f757365727c733a313a2231223b61705f70617373776f72647c733a34303a2264303333653232616533343861656235363630666332313430616563333538353063346461393937223b61705f6e616d617c733a31303a2242616e672041646d696e223b61705f6c6576656c7c733a353a2261646d696e223b61705f6c6576656c5f63617074696f6e7c733a31333a2241646d696e6973747261746f72223b),
('2f7091f341b320fd191e73c2109f7d1248aa7eb2', '::1', 1524020535, 0x5f5f63695f6c6173745f726567656e65726174657c693a313532343032303233343b61705f69645f757365727c733a313a2231223b61705f70617373776f72647c733a34303a2264303333653232616533343861656235363630666332313430616563333538353063346461393937223b61705f6e616d617c733a31303a2242616e672041646d696e223b61705f6c6576656c7c733a353a2261646d696e223b61705f6c6576656c5f63617074696f6e7c733a31333a2241646d696e6973747261746f72223b),
('2421109962d2c66c756f27d33eddbcc14746ad42', '::1', 1524020546, 0x5f5f63695f6c6173745f726567656e65726174657c693a313532343032303534363b61705f69645f757365727c733a313a2231223b61705f70617373776f72647c733a34303a2264303333653232616533343861656235363630666332313430616563333538353063346461393937223b61705f6e616d617c733a31303a2242616e672041646d696e223b61705f6c6576656c7c733a353a2261646d696e223b61705f6c6576656c5f63617074696f6e7c733a31333a2241646d696e6973747261746f72223b),
('ea74f12e0b0372270d65b20671b7c33bb4daa58f', '::1', 1524021879, 0x5f5f63695f6c6173745f726567656e65726174657c693a313532343032303838333b61705f69645f757365727c733a313a2231223b61705f70617373776f72647c733a34303a2264303333653232616533343861656235363630666332313430616563333538353063346461393937223b61705f6e616d617c733a31303a2242616e672041646d696e223b61705f6c6576656c7c733a353a2261646d696e223b61705f6c6576656c5f63617074696f6e7c733a31333a2241646d696e6973747261746f72223b),
('a789ce3373d668582cccabaf33cc24c80dbf2475', '::1', 1524022091, 0x5f5f63695f6c6173745f726567656e65726174657c693a313532343032313933343b61705f69645f757365727c733a313a2231223b61705f70617373776f72647c733a34303a2264303333653232616533343861656235363630666332313430616563333538353063346461393937223b61705f6e616d617c733a31303a2242616e672041646d696e223b61705f6c6576656c7c733a353a2261646d696e223b61705f6c6576656c5f63617074696f6e7c733a31333a2241646d696e6973747261746f72223b),
('fbf0576af1384d4db16173c8298b3aceee3f7435', '::1', 1524022286, 0x5f5f63695f6c6173745f726567656e65726174657c693a313532343032323237373b61705f69645f757365727c733a313a2231223b61705f70617373776f72647c733a34303a2264303333653232616533343861656235363630666332313430616563333538353063346461393937223b61705f6e616d617c733a31303a2242616e672041646d696e223b61705f6c6576656c7c733a353a2261646d696e223b61705f6c6576656c5f63617074696f6e7c733a31333a2241646d696e6973747261746f72223b),
('48a7a39e4e6a63d1f5221414ee21b3b5585a3c5f', '::1', 1524025645, 0x5f5f63695f6c6173745f726567656e65726174657c693a313532343032323633363b61705f69645f757365727c733a313a2231223b61705f70617373776f72647c733a34303a2264303333653232616533343861656235363630666332313430616563333538353063346461393937223b61705f6e616d617c733a31303a2242616e672041646d696e223b61705f6c6576656c7c733a353a2261646d696e223b61705f6c6576656c5f63617074696f6e7c733a31333a2241646d696e6973747261746f72223b),
('f3268ca2f46b3b3bdba99cac248197d6c44f35df', '::1', 1524025805, 0x5f5f63695f6c6173745f726567656e65726174657c693a313532343032353637323b61705f69645f757365727c733a313a2231223b61705f70617373776f72647c733a34303a2264303333653232616533343861656235363630666332313430616563333538353063346461393937223b61705f6e616d617c733a31303a2242616e672041646d696e223b61705f6c6576656c7c733a353a2261646d696e223b61705f6c6576656c5f63617074696f6e7c733a31333a2241646d696e6973747261746f72223b),
('65a23c4405caf16e57ffc08725b21859ab27c74f', '::1', 1524041855, 0x5f5f63695f6c6173745f726567656e65726174657c693a313532343034313635363b61705f69645f757365727c733a313a2231223b61705f70617373776f72647c733a34303a2264303333653232616533343861656235363630666332313430616563333538353063346461393937223b61705f6e616d617c733a31303a2242616e672041646d696e223b61705f6c6576656c7c733a353a2261646d696e223b61705f6c6576656c5f63617074696f6e7c733a31333a2241646d696e6973747261746f72223b),
('4b1b7fa8bd1b9a03e22a045b7273c96dab36203d', '::1', 1524042701, 0x5f5f63695f6c6173745f726567656e65726174657c693a313532343034323437373b61705f69645f757365727c733a313a2231223b61705f70617373776f72647c733a34303a2264303333653232616533343861656235363630666332313430616563333538353063346461393937223b61705f6e616d617c733a31303a2242616e672041646d696e223b61705f6c6576656c7c733a353a2261646d696e223b61705f6c6576656c5f63617074696f6e7c733a31333a2241646d696e6973747261746f72223b),
('c2678d195a3e4c46a3e15ea05034461d388ed917', '::1', 1524068944, 0x5f5f63695f6c6173745f726567656e65726174657c693a313532343036383638313b61705f69645f757365727c733a313a2231223b61705f70617373776f72647c733a34303a2264303333653232616533343861656235363630666332313430616563333538353063346461393937223b61705f6e616d617c733a31303a2242616e672041646d696e223b61705f6c6576656c7c733a353a2261646d696e223b61705f6c6576656c5f63617074696f6e7c733a31333a2241646d696e6973747261746f72223b),
('036df880734883c00d02702d9763ced0fcf0dd03', '::1', 1524069014, 0x5f5f63695f6c6173745f726567656e65726174657c693a313532343036393031343b61705f69645f757365727c733a313a2231223b61705f70617373776f72647c733a34303a2264303333653232616533343861656235363630666332313430616563333538353063346461393937223b61705f6e616d617c733a31303a2242616e672041646d696e223b61705f6c6576656c7c733a353a2261646d696e223b61705f6c6576656c5f63617074696f6e7c733a31333a2241646d696e6973747261746f72223b),
('59bc49f7c134a42c705e0811e4ae5f56872ff7de', '::1', 1524086275, 0x5f5f63695f6c6173745f726567656e65726174657c693a313532343038353937343b61705f69645f757365727c733a313a2231223b61705f70617373776f72647c733a34303a2264303333653232616533343861656235363630666332313430616563333538353063346461393937223b61705f6e616d617c733a31303a2242616e672041646d696e223b61705f6c6576656c7c733a353a2261646d696e223b61705f6c6576656c5f63617074696f6e7c733a31333a2241646d696e6973747261746f72223b),
('d59b06a931b71b7692aa581a868c12742d2a3f70', '::1', 1524086637, 0x5f5f63695f6c6173745f726567656e65726174657c693a313532343038363237373b61705f69645f757365727c733a313a2231223b61705f70617373776f72647c733a34303a2264303333653232616533343861656235363630666332313430616563333538353063346461393937223b61705f6e616d617c733a31303a2242616e672041646d696e223b61705f6c6576656c7c733a353a2261646d696e223b61705f6c6576656c5f63617074696f6e7c733a31333a2241646d696e6973747261746f72223b),
('791cb3a63e1e39fd544128c43fbfb65d3c543bea', '::1', 1524088218, 0x5f5f63695f6c6173745f726567656e65726174657c693a313532343038373036313b61705f69645f757365727c733a313a2231223b61705f70617373776f72647c733a34303a2264303333653232616533343861656235363630666332313430616563333538353063346461393937223b61705f6e616d617c733a31303a2242616e672041646d696e223b61705f6c6576656c7c733a353a2261646d696e223b61705f6c6576656c5f63617074696f6e7c733a31333a2241646d696e6973747261746f72223b),
('8a8421b0aa0b19901a396c2a56cf36c87a8a35b0', '::1', 1524101461, 0x5f5f63695f6c6173745f726567656e65726174657c693a313532343130303430303b61705f69645f757365727c733a313a2231223b61705f70617373776f72647c733a34303a2264303333653232616533343861656235363630666332313430616563333538353063346461393937223b61705f6e616d617c733a31303a2242616e672041646d696e223b61705f6c6576656c7c733a353a2261646d696e223b61705f6c6576656c5f63617074696f6e7c733a31333a2241646d696e6973747261746f72223b),
('60f3e1ba4b322d96287df9b0a5296bee97d3cb75', '::1', 1524102313, 0x5f5f63695f6c6173745f726567656e65726174657c693a313532343130313436353b61705f69645f757365727c733a313a2231223b61705f70617373776f72647c733a34303a2264303333653232616533343861656235363630666332313430616563333538353063346461393937223b61705f6e616d617c733a31303a2242616e672041646d696e223b61705f6c6576656c7c733a353a2261646d696e223b61705f6c6576656c5f63617074696f6e7c733a31333a2241646d696e6973747261746f72223b),
('0b734a5c552153dcfe2c7eabbcd1f48713bfb6c9', '::1', 1524102450, 0x5f5f63695f6c6173745f726567656e65726174657c693a313532343130323333313b61705f69645f757365727c733a313a2231223b61705f70617373776f72647c733a34303a2264303333653232616533343861656235363630666332313430616563333538353063346461393937223b61705f6e616d617c733a31303a2242616e672041646d696e223b61705f6c6576656c7c733a353a2261646d696e223b61705f6c6576656c5f63617074696f6e7c733a31333a2241646d696e6973747261746f72223b),
('3f06ee8b7c63823959650967bc20130676b39880', '::1', 1524103255, 0x5f5f63695f6c6173745f726567656e65726174657c693a313532343130333035383b61705f69645f757365727c733a313a2231223b61705f70617373776f72647c733a34303a2264303333653232616533343861656235363630666332313430616563333538353063346461393937223b61705f6e616d617c733a31303a2242616e672041646d696e223b61705f6c6576656c7c733a353a2261646d696e223b61705f6c6576656c5f63617074696f6e7c733a31333a2241646d696e6973747261746f72223b),
('ead2b523977f748e4a5cb91c9f245871168b0ae5', '::1', 1524103706, 0x5f5f63695f6c6173745f726567656e65726174657c693a313532343130333431333b61705f69645f757365727c733a313a2231223b61705f70617373776f72647c733a34303a2264303333653232616533343861656235363630666332313430616563333538353063346461393937223b61705f6e616d617c733a31303a2242616e672041646d696e223b61705f6c6576656c7c733a353a2261646d696e223b61705f6c6576656c5f63617074696f6e7c733a31333a2241646d696e6973747261746f72223b),
('80f0060928c14ef2a7b7741cce33175466599143', '::1', 1524103952, 0x5f5f63695f6c6173745f726567656e65726174657c693a313532343130333732373b61705f69645f757365727c733a313a2231223b61705f70617373776f72647c733a34303a2264303333653232616533343861656235363630666332313430616563333538353063346461393937223b61705f6e616d617c733a31303a2242616e672041646d696e223b61705f6c6576656c7c733a353a2261646d696e223b61705f6c6576656c5f63617074696f6e7c733a31333a2241646d696e6973747261746f72223b),
('0d31bddad157e37a3bc2bf2f118d1406dcecc111', '::1', 1524105118, 0x5f5f63695f6c6173745f726567656e65726174657c693a313532343130343534333b61705f69645f757365727c733a313a2231223b61705f70617373776f72647c733a34303a2264303333653232616533343861656235363630666332313430616563333538353063346461393937223b61705f6e616d617c733a31303a2242616e672041646d696e223b61705f6c6576656c7c733a353a2261646d696e223b61705f6c6576656c5f63617074696f6e7c733a31333a2241646d696e6973747261746f72223b),
('225533b9e5b92c63549a13997001ca9b001bd1dc', '::1', 1524105262, 0x5f5f63695f6c6173745f726567656e65726174657c693a313532343130353132343b61705f69645f757365727c733a313a2231223b61705f70617373776f72647c733a34303a2264303333653232616533343861656235363630666332313430616563333538353063346461393937223b61705f6e616d617c733a31303a2242616e672041646d696e223b61705f6c6576656c7c733a353a2261646d696e223b61705f6c6576656c5f63617074696f6e7c733a31333a2241646d696e6973747261746f72223b),
('fc66b3b7167e176a2a626636f6718ff4f70cc164', '::1', 1524105614, 0x5f5f63695f6c6173745f726567656e65726174657c693a313532343130353531363b61705f69645f757365727c733a313a2231223b61705f70617373776f72647c733a34303a2264303333653232616533343861656235363630666332313430616563333538353063346461393937223b61705f6e616d617c733a31303a2242616e672041646d696e223b61705f6c6576656c7c733a353a2261646d696e223b61705f6c6576656c5f63617074696f6e7c733a31333a2241646d696e6973747261746f72223b),
('8df87abfe0f8d5d6d4a745c190d3d1eb043c6260', '::1', 1524106370, 0x5f5f63695f6c6173745f726567656e65726174657c693a313532343130363031303b61705f69645f757365727c733a313a2231223b61705f70617373776f72647c733a34303a2264303333653232616533343861656235363630666332313430616563333538353063346461393937223b61705f6e616d617c733a31303a2242616e672041646d696e223b61705f6c6576656c7c733a353a2261646d696e223b61705f6c6576656c5f63617074696f6e7c733a31333a2241646d696e6973747261746f72223b),
('9cecd2acf5a56853fdec4b92e24ef3828f24932c', '::1', 1524107346, 0x5f5f63695f6c6173745f726567656e65726174657c693a313532343130373133363b61705f69645f757365727c733a313a2231223b61705f70617373776f72647c733a34303a2264303333653232616533343861656235363630666332313430616563333538353063346461393937223b61705f6e616d617c733a31303a2242616e672041646d696e223b61705f6c6576656c7c733a353a2261646d696e223b61705f6c6576656c5f63617074696f6e7c733a31333a2241646d696e6973747261746f72223b),
('c791108ba5f051389a498acd1ad976b83ad88f83', '::1', 1524107741, 0x5f5f63695f6c6173745f726567656e65726174657c693a313532343130373438333b61705f69645f757365727c733a313a2231223b61705f70617373776f72647c733a34303a2264303333653232616533343861656235363630666332313430616563333538353063346461393937223b61705f6e616d617c733a31303a2242616e672041646d696e223b61705f6c6576656c7c733a353a2261646d696e223b61705f6c6576656c5f63617074696f6e7c733a31333a2241646d696e6973747261746f72223b),
('8b80a21b9cd2870bba6cc56a27dc97715dd1b09e', '::1', 1524108088, 0x5f5f63695f6c6173745f726567656e65726174657c693a313532343130373831363b61705f69645f757365727c733a313a2231223b61705f70617373776f72647c733a34303a2264303333653232616533343861656235363630666332313430616563333538353063346461393937223b61705f6e616d617c733a31303a2242616e672041646d696e223b61705f6c6576656c7c733a353a2261646d696e223b61705f6c6576656c5f63617074696f6e7c733a31333a2241646d696e6973747261746f72223b),
('a0b17f6d206fd16c33751bff9b27237958a15996', '::1', 1524108523, 0x5f5f63695f6c6173745f726567656e65726174657c693a313532343130383135373b61705f69645f757365727c733a313a2231223b61705f70617373776f72647c733a34303a2264303333653232616533343861656235363630666332313430616563333538353063346461393937223b61705f6e616d617c733a31303a2242616e672041646d696e223b61705f6c6576656c7c733a353a2261646d696e223b61705f6c6576656c5f63617074696f6e7c733a31333a2241646d696e6973747261746f72223b),
('308f2ad30f42fa71e1e49e891ffc94f31f7a8fca', '::1', 1524109107, 0x5f5f63695f6c6173745f726567656e65726174657c693a313532343130383532343b61705f69645f757365727c733a313a2231223b61705f70617373776f72647c733a34303a2264303333653232616533343861656235363630666332313430616563333538353063346461393937223b61705f6e616d617c733a31303a2242616e672041646d696e223b61705f6c6576656c7c733a353a2261646d696e223b61705f6c6576656c5f63617074696f6e7c733a31333a2241646d696e6973747261746f72223b),
('adaf7de7677ba6873320fbc22109709293193895', '::1', 1524109408, 0x5f5f63695f6c6173745f726567656e65726174657c693a313532343130393131393b61705f69645f757365727c733a313a2231223b61705f70617373776f72647c733a34303a2264303333653232616533343861656235363630666332313430616563333538353063346461393937223b61705f6e616d617c733a31303a2242616e672041646d696e223b61705f6c6576656c7c733a353a2261646d696e223b61705f6c6576656c5f63617074696f6e7c733a31333a2241646d696e6973747261746f72223b),
('edb100bc67ffc959429824a85adb7b9c4d056faf', '::1', 1524109980, 0x5f5f63695f6c6173745f726567656e65726174657c693a313532343130393432303b61705f69645f757365727c733a313a2231223b61705f70617373776f72647c733a34303a2264303333653232616533343861656235363630666332313430616563333538353063346461393937223b61705f6e616d617c733a31303a2242616e672041646d696e223b61705f6c6576656c7c733a353a2261646d696e223b61705f6c6576656c5f63617074696f6e7c733a31333a2241646d696e6973747261746f72223b),
('47a6588b46aaadef27b49ab7d8827917fe2daf6e', '::1', 1524110426, 0x5f5f63695f6c6173745f726567656e65726174657c693a313532343131303030373b61705f69645f757365727c733a313a2231223b61705f70617373776f72647c733a34303a2264303333653232616533343861656235363630666332313430616563333538353063346461393937223b61705f6e616d617c733a31303a2242616e672041646d696e223b61705f6c6576656c7c733a353a2261646d696e223b61705f6c6576656c5f63617074696f6e7c733a31333a2241646d696e6973747261746f72223b),
('75f1b1fc92ef2b45ea2849e8c00d73275c90dae3', '::1', 1524110558, 0x5f5f63695f6c6173745f726567656e65726174657c693a313532343131303433303b61705f69645f757365727c733a313a2231223b61705f70617373776f72647c733a34303a2264303333653232616533343861656235363630666332313430616563333538353063346461393937223b61705f6e616d617c733a31303a2242616e672041646d696e223b61705f6c6576656c7c733a353a2261646d696e223b61705f6c6576656c5f63617074696f6e7c733a31333a2241646d696e6973747261746f72223b),
('40fcfc7cacaf5287f217b09217bae21850232c4e', '::1', 1524111086, 0x5f5f63695f6c6173745f726567656e65726174657c693a313532343131303936363b61705f69645f757365727c733a313a2231223b61705f70617373776f72647c733a34303a2264303333653232616533343861656235363630666332313430616563333538353063346461393937223b61705f6e616d617c733a31303a2242616e672041646d696e223b61705f6c6576656c7c733a353a2261646d696e223b61705f6c6576656c5f63617074696f6e7c733a31333a2241646d696e6973747261746f72223b),
('1cd2270f666dd390c79e4842ea8f3f2715b1170b', '::1', 1524112361, 0x5f5f63695f6c6173745f726567656e65726174657c693a313532343131313933373b61705f69645f757365727c733a313a2231223b61705f70617373776f72647c733a34303a2264303333653232616533343861656235363630666332313430616563333538353063346461393937223b61705f6e616d617c733a31303a2242616e672041646d696e223b61705f6c6576656c7c733a353a2261646d696e223b61705f6c6576656c5f63617074696f6e7c733a31333a2241646d696e6973747261746f72223b),
('139e0582c207c5f7291eb1ffec456e8e5ad3b272', '::1', 1524112733, 0x5f5f63695f6c6173745f726567656e65726174657c693a313532343131323339313b61705f69645f757365727c733a313a2231223b61705f70617373776f72647c733a34303a2264303333653232616533343861656235363630666332313430616563333538353063346461393937223b61705f6e616d617c733a31303a2242616e672041646d696e223b61705f6c6576656c7c733a353a2261646d696e223b61705f6c6576656c5f63617074696f6e7c733a31333a2241646d696e6973747261746f72223b),
('cc6da97fe4dde8f285ea2ec875bff11d7bd750fb', '::1', 1524113031, 0x5f5f63695f6c6173745f726567656e65726174657c693a313532343131323733353b61705f69645f757365727c733a313a2231223b61705f70617373776f72647c733a34303a2264303333653232616533343861656235363630666332313430616563333538353063346461393937223b61705f6e616d617c733a31303a2242616e672041646d696e223b61705f6c6576656c7c733a353a2261646d696e223b61705f6c6576656c5f63617074696f6e7c733a31333a2241646d696e6973747261746f72223b),
('8987022ec2d71ca3d0f6018da0011c386c7098b4', '::1', 1524113372, 0x5f5f63695f6c6173745f726567656e65726174657c693a313532343131333033363b61705f69645f757365727c733a313a2231223b61705f70617373776f72647c733a34303a2264303333653232616533343861656235363630666332313430616563333538353063346461393937223b61705f6e616d617c733a31303a2242616e672041646d696e223b61705f6c6576656c7c733a353a2261646d696e223b61705f6c6576656c5f63617074696f6e7c733a31333a2241646d696e6973747261746f72223b),
('085cf18c2a165af2341bf71077f5d98cc58fdd01', '::1', 1524113452, 0x5f5f63695f6c6173745f726567656e65726174657c693a313532343131333337333b61705f69645f757365727c733a313a2231223b61705f70617373776f72647c733a34303a2264303333653232616533343861656235363630666332313430616563333538353063346461393937223b61705f6e616d617c733a31303a2242616e672041646d696e223b61705f6c6576656c7c733a353a2261646d696e223b61705f6c6576656c5f63617074696f6e7c733a31333a2241646d696e6973747261746f72223b),
('83be29f98b196021e8d01ff4eb857e89e2805660', '::1', 1524188750, 0x5f5f63695f6c6173745f726567656e65726174657c693a313532343138383630313b61705f69645f757365727c733a313a2231223b61705f70617373776f72647c733a34303a2264303333653232616533343861656235363630666332313430616563333538353063346461393937223b61705f6e616d617c733a31303a2242616e672041646d696e223b61705f6c6576656c7c733a353a2261646d696e223b61705f6c6576656c5f63617074696f6e7c733a31333a2241646d696e6973747261746f72223b),
('14c4bcfd278eaffba278229ee3721692a290097b', '::1', 1524189158, 0x5f5f63695f6c6173745f726567656e65726174657c693a313532343138393033363b61705f69645f757365727c733a313a2231223b61705f70617373776f72647c733a34303a2264303333653232616533343861656235363630666332313430616563333538353063346461393937223b61705f6e616d617c733a31303a2242616e672041646d696e223b61705f6c6576656c7c733a353a2261646d696e223b61705f6c6576656c5f63617074696f6e7c733a31333a2241646d696e6973747261746f72223b),
('0dae3fcafda9ab88573cee0f07b6051f1557cb86', '::1', 1524194576, 0x5f5f63695f6c6173745f726567656e65726174657c693a313532343139343236303b61705f69645f757365727c733a313a2231223b61705f70617373776f72647c733a34303a2264303333653232616533343861656235363630666332313430616563333538353063346461393937223b61705f6e616d617c733a31303a2242616e672041646d696e223b61705f6c6576656c7c733a353a2261646d696e223b61705f6c6576656c5f63617074696f6e7c733a31333a2241646d696e6973747261746f72223b),
('05bec58a7332cab48f2779683edc4e3a194dff2c', '::1', 1524194689, 0x5f5f63695f6c6173745f726567656e65726174657c693a313532343139343538343b61705f69645f757365727c733a313a2231223b61705f70617373776f72647c733a34303a2264303333653232616533343861656235363630666332313430616563333538353063346461393937223b61705f6e616d617c733a31303a2242616e672041646d696e223b61705f6c6576656c7c733a353a2261646d696e223b61705f6c6576656c5f63617074696f6e7c733a31333a2241646d696e6973747261746f72223b),
('ca7932b9b057689b8f1948099961da390a4a415c', '::1', 1524194952, 0x5f5f63695f6c6173745f726567656e65726174657c693a313532343139343935323b61705f69645f757365727c733a313a2231223b61705f70617373776f72647c733a34303a2264303333653232616533343861656235363630666332313430616563333538353063346461393937223b61705f6e616d617c733a31303a2242616e672041646d696e223b61705f6c6576656c7c733a353a2261646d696e223b61705f6c6576656c5f63617074696f6e7c733a31333a2241646d696e6973747261746f72223b),
('4c0200405dc0ddc08584e40dd50eb2648a26a996', '::1', 1524195167, 0x5f5f63695f6c6173745f726567656e65726174657c693a313532343139343935323b61705f69645f757365727c733a313a2231223b61705f70617373776f72647c733a34303a2264303333653232616533343861656235363630666332313430616563333538353063346461393937223b61705f6e616d617c733a31303a2242616e672041646d696e223b61705f6c6576656c7c733a353a2261646d696e223b61705f6c6576656c5f63617074696f6e7c733a31333a2241646d696e6973747261746f72223b),
('51b55b2d3cfc975da42a5ae9041e114b1d656f97', '::1', 1524195312, 0x5f5f63695f6c6173745f726567656e65726174657c693a313532343139353239373b61705f69645f757365727c733a313a2231223b61705f70617373776f72647c733a34303a2264303333653232616533343861656235363630666332313430616563333538353063346461393937223b61705f6e616d617c733a31303a2242616e672041646d696e223b61705f6c6576656c7c733a353a2261646d696e223b61705f6c6576656c5f63617074696f6e7c733a31333a2241646d696e6973747261746f72223b),
('0aed521f3c4802542251032325c31fa02e714aeb', '::1', 1524271458, 0x5f5f63695f6c6173745f726567656e65726174657c693a313532343237313435383b),
('7fe057cc08686b8f5d772be77f396feb604e21bc', '::1', 1524271463, 0x5f5f63695f6c6173745f726567656e65726174657c693a313532343237313435383b61705f69645f757365727c733a313a2231223b61705f70617373776f72647c733a34303a2264303333653232616533343861656235363630666332313430616563333538353063346461393937223b61705f6e616d617c733a31303a2242616e672041646d696e223b61705f6c6576656c7c733a353a2261646d696e223b61705f6c6576656c5f63617074696f6e7c733a31333a2241646d696e6973747261746f72223b),
('9de4342bb15f05077016c5080aa55d74a9843bbd', '::1', 1524272758, 0x5f5f63695f6c6173745f726567656e65726174657c693a313532343237323437333b61705f69645f757365727c733a313a2231223b61705f70617373776f72647c733a34303a2264303333653232616533343861656235363630666332313430616563333538353063346461393937223b61705f6e616d617c733a31303a2242616e672041646d696e223b61705f6c6576656c7c733a353a2261646d696e223b61705f6c6576656c5f63617074696f6e7c733a31333a2241646d696e6973747261746f72223b),
('89f46d1c1e92b3b4b39515809e8ef789d6eed987', '::1', 1524273139, 0x5f5f63695f6c6173745f726567656e65726174657c693a313532343237323839363b61705f69645f757365727c733a313a2231223b61705f70617373776f72647c733a34303a2264303333653232616533343861656235363630666332313430616563333538353063346461393937223b61705f6e616d617c733a31303a2242616e672041646d696e223b61705f6c6576656c7c733a353a2261646d696e223b61705f6c6576656c5f63617074696f6e7c733a31333a2241646d696e6973747261746f72223b),
('64843ae693fbae288b0e9f7aeda2648f00933e8e', '::1', 1524273530, 0x5f5f63695f6c6173745f726567656e65726174657c693a313532343237333235363b61705f69645f757365727c733a313a2231223b61705f70617373776f72647c733a34303a2264303333653232616533343861656235363630666332313430616563333538353063346461393937223b61705f6e616d617c733a31303a2242616e672041646d696e223b61705f6c6576656c7c733a353a2261646d696e223b61705f6c6576656c5f63617074696f6e7c733a31333a2241646d696e6973747261746f72223b),
('b832cf0b859380c0cd2c2d0a230356d50381bccb', '::1', 1524273728, 0x5f5f63695f6c6173745f726567656e65726174657c693a313532343237333536313b61705f69645f757365727c733a313a2231223b61705f70617373776f72647c733a34303a2264303333653232616533343861656235363630666332313430616563333538353063346461393937223b61705f6e616d617c733a31303a2242616e672041646d696e223b61705f6c6576656c7c733a353a2261646d696e223b61705f6c6576656c5f63617074696f6e7c733a31333a2241646d696e6973747261746f72223b),
('ae972738cbcfe0b1dae0bfd3a13f92cdf91dcd1d', '::1', 1524274241, 0x5f5f63695f6c6173745f726567656e65726174657c693a313532343237333935333b61705f69645f757365727c733a313a2231223b61705f70617373776f72647c733a34303a2264303333653232616533343861656235363630666332313430616563333538353063346461393937223b61705f6e616d617c733a31303a2242616e672041646d696e223b61705f6c6576656c7c733a353a2261646d696e223b61705f6c6576656c5f63617074696f6e7c733a31333a2241646d696e6973747261746f72223b),
('82dcc5f4d6709cdb77dac8e15711af56005e3cbc', '::1', 1524274456, 0x5f5f63695f6c6173745f726567656e65726174657c693a313532343237343237313b61705f69645f757365727c733a313a2231223b61705f70617373776f72647c733a34303a2264303333653232616533343861656235363630666332313430616563333538353063346461393937223b61705f6e616d617c733a31303a2242616e672041646d696e223b61705f6c6576656c7c733a353a2261646d696e223b61705f6c6576656c5f63617074696f6e7c733a31333a2241646d696e6973747261746f72223b),
('6ea4dcb4ff6c61481d8a1b5a895bbf18a3079ef5', '::1', 1524274784, 0x5f5f63695f6c6173745f726567656e65726174657c693a313532343237343630313b61705f69645f757365727c733a313a2231223b61705f70617373776f72647c733a34303a2264303333653232616533343861656235363630666332313430616563333538353063346461393937223b61705f6e616d617c733a31303a2242616e672041646d696e223b61705f6c6576656c7c733a353a2261646d696e223b61705f6c6576656c5f63617074696f6e7c733a31333a2241646d696e6973747261746f72223b),
('88d3ef290b125bb76fe2e0b74a50ee0529c415e6', '::1', 1524278448, 0x5f5f63695f6c6173745f726567656e65726174657c693a313532343237383434383b),
('0845c16964242594c0b1da9bd9ac56fc2df31a74', '::1', 1524278544, 0x5f5f63695f6c6173745f726567656e65726174657c693a313532343237383434393b),
('9b98dd334bc3ac6d09eae8dd0440c302c7622168', '::1', 1525759994, 0x5f5f63695f6c6173745f726567656e65726174657c693a313532353735393731303b61705f69645f757365727c733a313a2231223b61705f70617373776f72647c733a34303a2264303333653232616533343861656235363630666332313430616563333538353063346461393937223b61705f6e616d617c733a31303a2242616e672041646d696e223b61705f6c6576656c7c733a353a2261646d696e223b61705f6c6576656c5f63617074696f6e7c733a31333a2241646d696e6973747261746f72223b),
('5f2723bfab15bf827017323addcca87173bbc263', '::1', 1525760431, 0x5f5f63695f6c6173745f726567656e65726174657c693a313532353736303031333b61705f69645f757365727c733a313a2231223b61705f70617373776f72647c733a34303a2264303333653232616533343861656235363630666332313430616563333538353063346461393937223b61705f6e616d617c733a31303a2242616e672041646d696e223b61705f6c6576656c7c733a353a2261646d696e223b61705f6c6576656c5f63617074696f6e7c733a31333a2241646d696e6973747261746f72223b),
('c1fe17e7cf2f40e34e07f5a87b402b652fbbcb9c', '::1', 1525761230, 0x5f5f63695f6c6173745f726567656e65726174657c693a313532353736303438313b61705f69645f757365727c733a313a2231223b61705f70617373776f72647c733a34303a2264303333653232616533343861656235363630666332313430616563333538353063346461393937223b61705f6e616d617c733a31303a2242616e672041646d696e223b61705f6c6576656c7c733a353a2261646d696e223b61705f6c6576656c5f63617074696f6e7c733a31333a2241646d696e6973747261746f72223b),
('2db9b868d4b6c2cb91e82ad9c6d0f40a9ba2f50f', '::1', 1525761243, 0x5f5f63695f6c6173745f726567656e65726174657c693a313532353736313233303b61705f69645f757365727c733a313a2231223b61705f70617373776f72647c733a34303a2264303333653232616533343861656235363630666332313430616563333538353063346461393937223b61705f6e616d617c733a31303a2242616e672041646d696e223b61705f6c6576656c7c733a353a2261646d696e223b61705f6c6576656c5f63617074696f6e7c733a31333a2241646d696e6973747261746f72223b),
('a4518d9fcff51c190fe060ba7522c19b385f0806', '::1', 1526896928, 0x5f5f63695f6c6173745f726567656e65726174657c693a313532363839363635373b61705f69645f757365727c733a313a2231223b61705f70617373776f72647c733a34303a2264303333653232616533343861656235363630666332313430616563333538353063346461393937223b61705f6e616d617c733a31303a2242616e672041646d696e223b61705f6c6576656c7c733a353a2261646d696e223b61705f6c6576656c5f63617074696f6e7c733a31333a2241646d696e6973747261746f72223b),
('06737a0bb4d08897ea653f88ec29942e06d450de', '::1', 1527817353, 0x5f5f63695f6c6173745f726567656e65726174657c693a313532373831373134333b61705f69645f757365727c733a313a2231223b61705f70617373776f72647c733a34303a2264303333653232616533343861656235363630666332313430616563333538353063346461393937223b61705f6e616d617c733a31303a2242616e672041646d696e223b61705f6c6576656c7c733a353a2261646d696e223b61705f6c6576656c5f63617074696f6e7c733a31333a2241646d696e6973747261746f72223b),
('02cd5cfdcd764aa6cf6e8f01928a03ec1cfc9436', '::1', 1527818765, 0x5f5f63695f6c6173745f726567656e65726174657c693a313532373831383437373b61705f69645f757365727c733a313a2231223b61705f70617373776f72647c733a34303a2264303333653232616533343861656235363630666332313430616563333538353063346461393937223b61705f6e616d617c733a31303a2242616e672041646d696e223b61705f6c6576656c7c733a353a2261646d696e223b61705f6c6576656c5f63617074696f6e7c733a31333a2241646d696e6973747261746f72223b),
('448062247f7b1f785dc2c5d30143c86aafd4adf6', '::1', 1527819213, 0x5f5f63695f6c6173745f726567656e65726174657c693a313532373831383738353b61705f69645f757365727c733a313a2231223b61705f70617373776f72647c733a34303a2264303333653232616533343861656235363630666332313430616563333538353063346461393937223b61705f6e616d617c733a31303a2242616e672041646d696e223b61705f6c6576656c7c733a353a2261646d696e223b61705f6c6576656c5f63617074696f6e7c733a31333a2241646d696e6973747261746f72223b);
INSERT INTO `pj_ci_sessions` (`id`, `ip_address`, `timestamp`, `data`) VALUES
('9ea49c978c6d1fa2ea8bffc319d388a3d6375284', '::1', 1527819423, 0x5f5f63695f6c6173745f726567656e65726174657c693a313532373831393233353b61705f69645f757365727c733a313a2231223b61705f70617373776f72647c733a34303a2264303333653232616533343861656235363630666332313430616563333538353063346461393937223b61705f6e616d617c733a31303a2242616e672041646d696e223b61705f6c6576656c7c733a353a2261646d696e223b61705f6c6576656c5f63617074696f6e7c733a31333a2241646d696e6973747261746f72223b),
('8bf41660d2c1cb0ef694fe978c05f4f39aa70968', '::1', 1527819735, 0x5f5f63695f6c6173745f726567656e65726174657c693a313532373831393630343b61705f69645f757365727c733a313a2231223b61705f70617373776f72647c733a34303a2264303333653232616533343861656235363630666332313430616563333538353063346461393937223b61705f6e616d617c733a31303a2242616e672041646d696e223b61705f6c6576656c7c733a353a2261646d696e223b61705f6c6576656c5f63617074696f6e7c733a31333a2241646d696e6973747261746f72223b),
('0bac7ca3778abf8775dedb95ccb21b950b571297', '::1', 1527820488, 0x5f5f63695f6c6173745f726567656e65726174657c693a313532373832303436383b61705f69645f757365727c733a313a2231223b61705f70617373776f72647c733a34303a2264303333653232616533343861656235363630666332313430616563333538353063346461393937223b61705f6e616d617c733a31303a2242616e672041646d696e223b61705f6c6576656c7c733a353a2261646d696e223b61705f6c6576656c5f63617074696f6e7c733a31333a2241646d696e6973747261746f72223b),
('d61915ab569b0c247c9f8e41e12953cd9590c5a8', '::1', 1527821377, 0x5f5f63695f6c6173745f726567656e65726174657c693a313532373832313337303b61705f69645f757365727c733a313a2231223b61705f70617373776f72647c733a34303a2264303333653232616533343861656235363630666332313430616563333538353063346461393937223b61705f6e616d617c733a31303a2242616e672041646d696e223b61705f6c6576656c7c733a353a2261646d696e223b61705f6c6576656c5f63617074696f6e7c733a31333a2241646d696e6973747261746f72223b),
('553e3af0cb121e818fd7a7a2ea8ff3c7d6f82a9b', '::1', 1527822142, 0x5f5f63695f6c6173745f726567656e65726174657c693a313532373832323134323b61705f69645f757365727c733a313a2231223b61705f70617373776f72647c733a34303a2264303333653232616533343861656235363630666332313430616563333538353063346461393937223b61705f6e616d617c733a31303a2242616e672041646d696e223b61705f6c6576656c7c733a353a2261646d696e223b61705f6c6576656c5f63617074696f6e7c733a31333a2241646d696e6973747261746f72223b),
('596577167066c834dde46e8f4c268523e9e11661', '::1', 1527822879, 0x5f5f63695f6c6173745f726567656e65726174657c693a313532373832323636383b61705f69645f757365727c733a313a2231223b61705f70617373776f72647c733a34303a2264303333653232616533343861656235363630666332313430616563333538353063346461393937223b61705f6e616d617c733a31303a2242616e672041646d696e223b61705f6c6576656c7c733a353a2261646d696e223b61705f6c6576656c5f63617074696f6e7c733a31333a2241646d696e6973747261746f72223b),
('b77d3d4a390db687da73a70120d5eacc85cafb8a', '::1', 1527823013, 0x5f5f63695f6c6173745f726567656e65726174657c693a313532373832323939343b61705f69645f757365727c733a313a2231223b61705f70617373776f72647c733a34303a2264303333653232616533343861656235363630666332313430616563333538353063346461393937223b61705f6e616d617c733a31303a2242616e672041646d696e223b61705f6c6576656c7c733a353a2261646d696e223b61705f6c6576656c5f63617074696f6e7c733a31333a2241646d696e6973747261746f72223b),
('20d5448b7cab03137bb0c9af9a862430342ef75a', '::1', 1527823686, 0x5f5f63695f6c6173745f726567656e65726174657c693a313532373832333430323b61705f69645f757365727c733a313a2231223b61705f70617373776f72647c733a34303a2264303333653232616533343861656235363630666332313430616563333538353063346461393937223b61705f6e616d617c733a31303a2242616e672041646d696e223b61705f6c6576656c7c733a353a2261646d696e223b61705f6c6576656c5f63617074696f6e7c733a31333a2241646d696e6973747261746f72223b),
('5c9f43f6b908f5cd0520cbe553d27c9ce92d9b0d', '::1', 1527824002, 0x5f5f63695f6c6173745f726567656e65726174657c693a313532373832333731363b61705f69645f757365727c733a313a2231223b61705f70617373776f72647c733a34303a2264303333653232616533343861656235363630666332313430616563333538353063346461393937223b61705f6e616d617c733a31303a2242616e672041646d696e223b61705f6c6576656c7c733a353a2261646d696e223b61705f6c6576656c5f63617074696f6e7c733a31333a2241646d696e6973747261746f72223b),
('15be9930fbdb0323baf10f477ee4590d9184795b', '::1', 1527824309, 0x5f5f63695f6c6173745f726567656e65726174657c693a313532373832343032383b61705f69645f757365727c733a313a2231223b61705f70617373776f72647c733a34303a2264303333653232616533343861656235363630666332313430616563333538353063346461393937223b61705f6e616d617c733a31303a2242616e672041646d696e223b61705f6c6576656c7c733a353a2261646d696e223b61705f6c6576656c5f63617074696f6e7c733a31333a2241646d696e6973747261746f72223b),
('4de2d9098ec9cc8afe0396a3dfeb552283c215ed', '::1', 1527824655, 0x5f5f63695f6c6173745f726567656e65726174657c693a313532373832343338313b61705f69645f757365727c733a313a2231223b61705f70617373776f72647c733a34303a2264303333653232616533343861656235363630666332313430616563333538353063346461393937223b61705f6e616d617c733a31303a2242616e672041646d696e223b61705f6c6576656c7c733a353a2261646d696e223b61705f6c6576656c5f63617074696f6e7c733a31333a2241646d696e6973747261746f72223b),
('4e5ae778e32c69110f65c7a1afc97a033c9133fb', '::1', 1527824854, 0x5f5f63695f6c6173745f726567656e65726174657c693a313532373832343639393b61705f69645f757365727c733a313a2231223b61705f70617373776f72647c733a34303a2264303333653232616533343861656235363630666332313430616563333538353063346461393937223b61705f6e616d617c733a31303a2242616e672041646d696e223b61705f6c6576656c7c733a353a2261646d696e223b61705f6c6576656c5f63617074696f6e7c733a31333a2241646d696e6973747261746f72223b),
('79dc53ff53284f430ebb3e97ebd8748cc4d60e9d', '::1', 1528505208, 0x5f5f63695f6c6173745f726567656e65726174657c693a313532383530353035313b61705f69645f757365727c733a313a2231223b61705f70617373776f72647c733a34303a2264303333653232616533343861656235363630666332313430616563333538353063346461393937223b61705f6e616d617c733a31303a2242616e672041646d696e223b61705f6c6576656c7c733a353a2261646d696e223b61705f6c6576656c5f63617074696f6e7c733a31333a2241646d696e6973747261746f72223b),
('f63b9a8c197c05ff3e70798b5936be36b715c150', '::1', 1531277183, 0x5f5f63695f6c6173745f726567656e65726174657c693a313533313237363933393b61705f69645f757365727c733a313a2231223b61705f70617373776f72647c733a34303a2264303333653232616533343861656235363630666332313430616563333538353063346461393937223b61705f6e616d617c733a31303a2242616e672041646d696e223b61705f6c6576656c7c733a353a2261646d696e223b61705f6c6576656c5f63617074696f6e7c733a31333a2241646d696e6973747261746f72223b),
('b4319932f9b8cc3e3c1b248f1a284ae4131931db', '::1', 1531277274, 0x5f5f63695f6c6173745f726567656e65726174657c693a313533313237373237333b61705f69645f757365727c733a313a2231223b61705f70617373776f72647c733a34303a2264303333653232616533343861656235363630666332313430616563333538353063346461393937223b61705f6e616d617c733a31303a2242616e672041646d696e223b61705f6c6576656c7c733a353a2261646d696e223b61705f6c6576656c5f63617074696f6e7c733a31333a2241646d696e6973747261746f72223b),
('eddadcd585c3249b40e2abce8eb66f50354ed79d', '::1', 1531837371, 0x5f5f63695f6c6173745f726567656e65726174657c693a313533313833373037393b61705f69645f757365727c733a313a2231223b61705f70617373776f72647c733a34303a2264303333653232616533343861656235363630666332313430616563333538353063346461393937223b61705f6e616d617c733a31303a2242616e672041646d696e223b61705f6c6576656c7c733a353a2261646d696e223b61705f6c6576656c5f63617074696f6e7c733a31333a2241646d696e6973747261746f72223b),
('bd8a3e7491efa80f331c35c1f54e4ed6b738ad54', '::1', 1531838608, 0x5f5f63695f6c6173745f726567656e65726174657c693a313533313833373630363b61705f69645f757365727c733a313a2231223b61705f70617373776f72647c733a34303a2264303333653232616533343861656235363630666332313430616563333538353063346461393937223b61705f6e616d617c733a31303a2242616e672041646d696e223b61705f6c6576656c7c733a353a2261646d696e223b61705f6c6576656c5f63617074696f6e7c733a31333a2241646d696e6973747261746f72223b),
('241a6e59ce5d90044b0a19201224eecb4ecc3481', '::1', 1531838968, 0x5f5f63695f6c6173745f726567656e65726174657c693a313533313833383636343b61705f69645f757365727c733a313a2231223b61705f70617373776f72647c733a34303a2264303333653232616533343861656235363630666332313430616563333538353063346461393937223b61705f6e616d617c733a31303a2242616e672041646d696e223b61705f6c6576656c7c733a353a2261646d696e223b61705f6c6576656c5f63617074696f6e7c733a31333a2241646d696e6973747261746f72223b),
('bd56300af01d5468cdd18698ac6786493ddd6740', '::1', 1531839271, 0x5f5f63695f6c6173745f726567656e65726174657c693a313533313833393032303b61705f69645f757365727c733a313a2231223b61705f70617373776f72647c733a34303a2264303333653232616533343861656235363630666332313430616563333538353063346461393937223b61705f6e616d617c733a31303a2242616e672041646d696e223b61705f6c6576656c7c733a353a2261646d696e223b61705f6c6576656c5f63617074696f6e7c733a31333a2241646d696e6973747261746f72223b),
('7fbfa274c61bda5a321fdb39b245df7633a9fb6d', '::1', 1531840902, 0x5f5f63695f6c6173745f726567656e65726174657c693a313533313833393937363b61705f69645f757365727c733a313a2231223b61705f70617373776f72647c733a34303a2264303333653232616533343861656235363630666332313430616563333538353063346461393937223b61705f6e616d617c733a31303a2242616e672041646d696e223b61705f6c6576656c7c733a353a2261646d696e223b61705f6c6576656c5f63617074696f6e7c733a31333a2241646d696e6973747261746f72223b),
('ec174e01e066304f2d6495ee5b2437cb8c1ff29a', '::1', 1531840942, 0x5f5f63695f6c6173745f726567656e65726174657c693a313533313834303931353b61705f69645f757365727c733a313a2231223b61705f70617373776f72647c733a34303a2264303333653232616533343861656235363630666332313430616563333538353063346461393937223b61705f6e616d617c733a31303a2242616e672041646d696e223b61705f6c6576656c7c733a353a2261646d696e223b61705f6c6576656c5f63617074696f6e7c733a31333a2241646d696e6973747261746f72223b),
('93345f733d3a5516211cde133f17f80ef1782d7f', '::1', 1531841577, 0x5f5f63695f6c6173745f726567656e65726174657c693a313533313834313531393b61705f69645f757365727c733a313a2231223b61705f70617373776f72647c733a34303a2264303333653232616533343861656235363630666332313430616563333538353063346461393937223b61705f6e616d617c733a31303a2242616e672041646d696e223b61705f6c6576656c7c733a353a2261646d696e223b61705f6c6576656c5f63617074696f6e7c733a31333a2241646d696e6973747261746f72223b),
('d17cf62ddca891a22218fec4f9176b28c41dc304', '::1', 1531842534, 0x5f5f63695f6c6173745f726567656e65726174657c693a313533313834323332363b61705f69645f757365727c733a313a2231223b61705f70617373776f72647c733a34303a2264303333653232616533343861656235363630666332313430616563333538353063346461393937223b61705f6e616d617c733a31303a2242616e672041646d696e223b61705f6c6576656c7c733a353a2261646d696e223b61705f6c6576656c5f63617074696f6e7c733a31333a2241646d696e6973747261746f72223b),
('ab534ba5bc0983dfa4f623785c389c62abddef61', '::1', 1531842878, 0x5f5f63695f6c6173745f726567656e65726174657c693a313533313834323636373b61705f69645f757365727c733a313a2231223b61705f70617373776f72647c733a34303a2264303333653232616533343861656235363630666332313430616563333538353063346461393937223b61705f6e616d617c733a31303a2242616e672041646d696e223b61705f6c6576656c7c733a353a2261646d696e223b61705f6c6576656c5f63617074696f6e7c733a31333a2241646d696e6973747261746f72223b),
('19d11b35f6dbfad83f324ab7f84bf00f12e9b2e6', '::1', 1531844769, 0x5f5f63695f6c6173745f726567656e65726174657c693a313533313834343539323b61705f69645f757365727c733a313a2231223b61705f70617373776f72647c733a34303a2264303333653232616533343861656235363630666332313430616563333538353063346461393937223b61705f6e616d617c733a31303a2242616e672041646d696e223b61705f6c6576656c7c733a353a2261646d696e223b61705f6c6576656c5f63617074696f6e7c733a31333a2241646d696e6973747261746f72223b),
('f9885c0030635cce2fe770d4910be51de5d7a152', '::1', 1531845315, 0x5f5f63695f6c6173745f726567656e65726174657c693a313533313834353033313b61705f69645f757365727c733a313a2231223b61705f70617373776f72647c733a34303a2264303333653232616533343861656235363630666332313430616563333538353063346461393937223b61705f6e616d617c733a31303a2242616e672041646d696e223b61705f6c6576656c7c733a353a2261646d696e223b61705f6c6576656c5f63617074696f6e7c733a31333a2241646d696e6973747261746f72223b),
('b0800081c479d62d9939ce2567e2f981cb5d1a55', '::1', 1531846379, 0x5f5f63695f6c6173745f726567656e65726174657c693a313533313834353336383b61705f69645f757365727c733a313a2231223b61705f70617373776f72647c733a34303a2264303333653232616533343861656235363630666332313430616563333538353063346461393937223b61705f6e616d617c733a31303a2242616e672041646d696e223b61705f6c6576656c7c733a353a2261646d696e223b61705f6c6576656c5f63617074696f6e7c733a31333a2241646d696e6973747261746f72223b),
('6ab438bc805510f382d4b545e8e632008af707ec', '::1', 1531846810, 0x5f5f63695f6c6173745f726567656e65726174657c693a313533313834363431303b61705f69645f757365727c733a313a2231223b61705f70617373776f72647c733a34303a2264303333653232616533343861656235363630666332313430616563333538353063346461393937223b61705f6e616d617c733a31303a2242616e672041646d696e223b61705f6c6576656c7c733a353a2261646d696e223b61705f6c6576656c5f63617074696f6e7c733a31333a2241646d696e6973747261746f72223b),
('71a5b259e2146cf17f944a5b74a505045ac37a77', '::1', 1531847237, 0x5f5f63695f6c6173745f726567656e65726174657c693a313533313834363938313b61705f69645f757365727c733a313a2231223b61705f70617373776f72647c733a34303a2264303333653232616533343861656235363630666332313430616563333538353063346461393937223b61705f6e616d617c733a31303a2242616e672041646d696e223b61705f6c6576656c7c733a353a2261646d696e223b61705f6c6576656c5f63617074696f6e7c733a31333a2241646d696e6973747261746f72223b),
('9e686a8c015f7c79c33e95fce33e1640024cc890', '::1', 1531847609, 0x5f5f63695f6c6173745f726567656e65726174657c693a313533313834373435303b61705f69645f757365727c733a313a2231223b61705f70617373776f72647c733a34303a2264303333653232616533343861656235363630666332313430616563333538353063346461393937223b61705f6e616d617c733a31303a2242616e672041646d696e223b61705f6c6576656c7c733a353a2261646d696e223b61705f6c6576656c5f63617074696f6e7c733a31333a2241646d696e6973747261746f72223b),
('62001e202e01d43528232e10b06f7a753f0818c1', '::1', 1531848058, 0x5f5f63695f6c6173745f726567656e65726174657c693a313533313834373736313b61705f69645f757365727c733a313a2231223b61705f70617373776f72647c733a34303a2264303333653232616533343861656235363630666332313430616563333538353063346461393937223b61705f6e616d617c733a31303a2242616e672041646d696e223b61705f6c6576656c7c733a353a2261646d696e223b61705f6c6576656c5f63617074696f6e7c733a31333a2241646d696e6973747261746f72223b),
('3d623f3f7de48845704246831f2543e7d8a15e08', '::1', 1531848181, 0x5f5f63695f6c6173745f726567656e65726174657c693a313533313834383038353b61705f69645f757365727c733a313a2231223b61705f70617373776f72647c733a34303a2264303333653232616533343861656235363630666332313430616563333538353063346461393937223b61705f6e616d617c733a31303a2242616e672041646d696e223b61705f6c6576656c7c733a353a2261646d696e223b61705f6c6576656c5f63617074696f6e7c733a31333a2241646d696e6973747261746f72223b),
('291ab97fb59b369a23025bfa168d63a0d83f9c60', '::1', 1531848731, 0x5f5f63695f6c6173745f726567656e65726174657c693a313533313834383339313b61705f69645f757365727c733a313a2231223b61705f70617373776f72647c733a34303a2264303333653232616533343861656235363630666332313430616563333538353063346461393937223b61705f6e616d617c733a31303a2242616e672041646d696e223b61705f6c6576656c7c733a353a2261646d696e223b61705f6c6576656c5f63617074696f6e7c733a31333a2241646d696e6973747261746f72223b),
('ee915a51daba2f36d105b6e1ebd5903cfc458edb', '::1', 1531849027, 0x5f5f63695f6c6173745f726567656e65726174657c693a313533313834383733323b61705f69645f757365727c733a313a2231223b61705f70617373776f72647c733a34303a2264303333653232616533343861656235363630666332313430616563333538353063346461393937223b61705f6e616d617c733a31303a2242616e672041646d696e223b61705f6c6576656c7c733a353a2261646d696e223b61705f6c6576656c5f63617074696f6e7c733a31333a2241646d696e6973747261746f72223b),
('75fc16c82356f3285b52c5f0986bfad0fa22e7bd', '::1', 1531849293, 0x5f5f63695f6c6173745f726567656e65726174657c693a313533313834393035303b61705f69645f757365727c733a313a2231223b61705f70617373776f72647c733a34303a2264303333653232616533343861656235363630666332313430616563333538353063346461393937223b61705f6e616d617c733a31303a2242616e672041646d696e223b61705f6c6576656c7c733a353a2261646d696e223b61705f6c6576656c5f63617074696f6e7c733a31333a2241646d696e6973747261746f72223b),
('6c3e2c3336dd3c5346c7b37370fd0a1893643959', '::1', 1531850191, 0x5f5f63695f6c6173745f726567656e65726174657c693a313533313834393337393b61705f69645f757365727c733a313a2231223b61705f70617373776f72647c733a34303a2264303333653232616533343861656235363630666332313430616563333538353063346461393937223b61705f6e616d617c733a31303a2242616e672041646d696e223b61705f6c6576656c7c733a353a2261646d696e223b61705f6c6576656c5f63617074696f6e7c733a31333a2241646d696e6973747261746f72223b),
('092224fc5813114956339a1a96b3c586d8d25464', '::1', 1531850495, 0x5f5f63695f6c6173745f726567656e65726174657c693a313533313835303238313b61705f69645f757365727c733a313a2231223b61705f70617373776f72647c733a34303a2264303333653232616533343861656235363630666332313430616563333538353063346461393937223b61705f6e616d617c733a31303a2242616e672041646d696e223b61705f6c6576656c7c733a353a2261646d696e223b61705f6c6576656c5f63617074696f6e7c733a31333a2241646d696e6973747261746f72223b),
('96cd57e32340dae9ecb5a686881d4db5842b786a', '::1', 1531850895, 0x5f5f63695f6c6173745f726567656e65726174657c693a313533313835303736313b61705f69645f757365727c733a313a2231223b61705f70617373776f72647c733a34303a2264303333653232616533343861656235363630666332313430616563333538353063346461393937223b61705f6e616d617c733a31303a2242616e672041646d696e223b61705f6c6576656c7c733a353a2261646d696e223b61705f6c6576656c5f63617074696f6e7c733a31333a2241646d696e6973747261746f72223b),
('5c7de3d8d9ecb34df6ef31b18eda372d0ae113ab', '::1', 1531851814, 0x5f5f63695f6c6173745f726567656e65726174657c693a313533313835313037303b61705f69645f757365727c733a313a2231223b61705f70617373776f72647c733a34303a2264303333653232616533343861656235363630666332313430616563333538353063346461393937223b61705f6e616d617c733a31303a2242616e672041646d696e223b61705f6c6576656c7c733a353a2261646d696e223b61705f6c6576656c5f63617074696f6e7c733a31333a2241646d696e6973747261746f72223b),
('5dbd91d8525c0d34a97b1876be682bc41613ba4c', '::1', 1531852090, 0x5f5f63695f6c6173745f726567656e65726174657c693a313533313835313834323b61705f69645f757365727c733a313a2231223b61705f70617373776f72647c733a34303a2264303333653232616533343861656235363630666332313430616563333538353063346461393937223b61705f6e616d617c733a31303a2242616e672041646d696e223b61705f6c6576656c7c733a353a2261646d696e223b61705f6c6576656c5f63617074696f6e7c733a31333a2241646d696e6973747261746f72223b),
('9f262ac01a2336fab1d149dc80b6a9fef09ad6bd', '::1', 1531852583, 0x5f5f63695f6c6173745f726567656e65726174657c693a313533313835323430383b61705f69645f757365727c733a313a2231223b61705f70617373776f72647c733a34303a2264303333653232616533343861656235363630666332313430616563333538353063346461393937223b61705f6e616d617c733a31303a2242616e672041646d696e223b61705f6c6576656c7c733a353a2261646d696e223b61705f6c6576656c5f63617074696f6e7c733a31333a2241646d696e6973747261746f72223b),
('f91c862eeff12b906bb3946751326624a5e4d312', '::1', 1531853231, 0x5f5f63695f6c6173745f726567656e65726174657c693a313533313835323933343b61705f69645f757365727c733a313a2231223b61705f70617373776f72647c733a34303a2264303333653232616533343861656235363630666332313430616563333538353063346461393937223b61705f6e616d617c733a31303a2242616e672041646d696e223b61705f6c6576656c7c733a353a2261646d696e223b61705f6c6576656c5f63617074696f6e7c733a31333a2241646d696e6973747261746f72223b),
('f5422b7e9ed18b842b11f282b1e5c475db9d8b47', '::1', 1531853269, 0x5f5f63695f6c6173745f726567656e65726174657c693a313533313835333233393b),
('d711b573d1515c85d83779a6ed93cff6c33242c1', '::1', 1532139157, 0x5f5f63695f6c6173745f726567656e65726174657c693a313533323133383730313b61705f69645f757365727c733a313a2231223b61705f70617373776f72647c733a34303a2264303333653232616533343861656235363630666332313430616563333538353063346461393937223b61705f6e616d617c733a31303a2242616e672041646d696e223b61705f6c6576656c7c733a353a2261646d696e223b61705f6c6576656c5f63617074696f6e7c733a31333a2241646d696e6973747261746f72223b),
('5acb063eb359952263392ce636c8c344db756d27', '::1', 1532139459, 0x5f5f63695f6c6173745f726567656e65726174657c693a313533323133393135383b61705f69645f757365727c733a313a2231223b61705f70617373776f72647c733a34303a2264303333653232616533343861656235363630666332313430616563333538353063346461393937223b61705f6e616d617c733a31303a2242616e672041646d696e223b61705f6c6576656c7c733a353a2261646d696e223b61705f6c6576656c5f63617074696f6e7c733a31333a2241646d696e6973747261746f72223b),
('4b6ae4be394de28d8adb654e0f4e7eb460e88852', '::1', 1532139720, 0x5f5f63695f6c6173745f726567656e65726174657c693a313533323133393436303b61705f69645f757365727c733a313a2231223b61705f70617373776f72647c733a34303a2264303333653232616533343861656235363630666332313430616563333538353063346461393937223b61705f6e616d617c733a31303a2242616e672041646d696e223b61705f6c6576656c7c733a353a2261646d696e223b61705f6c6576656c5f63617074696f6e7c733a31333a2241646d696e6973747261746f72223b),
('99f370f3ef4ec4bcb11dd7f17eb6d2c1d80f6e23', '::1', 1532139858, 0x5f5f63695f6c6173745f726567656e65726174657c693a313533323133393736373b),
('b25574e583eb06c9155ccc580584f452bed7c562', '::1', 1532615415, 0x5f5f63695f6c6173745f726567656e65726174657c693a313533323631353431343b);

-- --------------------------------------------------------

--
-- Struktur dari tabel `pj_kategori_barang`
--

CREATE TABLE IF NOT EXISTS `pj_kategori_barang` (
  `id_kategori_barang` mediumint(1) unsigned NOT NULL AUTO_INCREMENT,
  `kategori` varchar(40) NOT NULL,
  `dihapus` enum('tidak','ya') NOT NULL,
  PRIMARY KEY (`id_kategori_barang`)
) ENGINE=MyISAM  DEFAULT CHARSET=latin1 AUTO_INCREMENT=17 ;

--
-- Dumping data untuk tabel `pj_kategori_barang`
--

INSERT INTO `pj_kategori_barang` (`id_kategori_barang`, `kategori`, `dihapus`) VALUES
(9, 'Makanan', 'ya'),
(10, 'Minuman', 'ya'),
(11, 'Ice Blend', 'tidak'),
(12, 'Coffe', 'tidak'),
(13, 'Soft Drink', 'tidak'),
(14, 'Teh', 'tidak'),
(15, 'Makanan', 'tidak'),
(16, 'Snack', 'tidak');

-- --------------------------------------------------------

--
-- Struktur dari tabel `pj_menu`
--

CREATE TABLE IF NOT EXISTS `pj_menu` (
  `id_menu` int(1) NOT NULL,
  `kode_menu` varchar(40) NOT NULL,
  `nama_menu` varchar(60) NOT NULL,
  `harga` decimal(10,0) NOT NULL,
  `keterangan` text,
  `dihapus` enum('tidak','ya') DEFAULT NULL
) ENGINE=InnoDB DEFAULT CHARSET=latin1;

-- --------------------------------------------------------

--
-- Struktur dari tabel `pj_merk_barang`
--

CREATE TABLE IF NOT EXISTS `pj_merk_barang` (
  `id_merk_barang` mediumint(1) unsigned NOT NULL AUTO_INCREMENT,
  `merk` varchar(40) NOT NULL,
  `dihapus` enum('tidak','ya') NOT NULL,
  PRIMARY KEY (`id_merk_barang`)
) ENGINE=MyISAM  DEFAULT CHARSET=latin1 AUTO_INCREMENT=18 ;

-- --------------------------------------------------------

--
-- Struktur dari tabel `pj_pelanggan`
--

CREATE TABLE IF NOT EXISTS `pj_pelanggan` (
  `id_pelanggan` mediumint(1) unsigned NOT NULL AUTO_INCREMENT,
  `nama` varchar(40) NOT NULL,
  `alamat` text,
  `telp` varchar(40) DEFAULT NULL,
  `info_tambahan` text,
  `kode_unik` varchar(30) NOT NULL,
  `waktu_input` datetime NOT NULL,
  `dihapus` enum('tidak','ya') NOT NULL,
  PRIMARY KEY (`id_pelanggan`)
) ENGINE=MyISAM  DEFAULT CHARSET=latin1 AUTO_INCREMENT=24 ;

--
-- Dumping data untuk tabel `pj_pelanggan`
--

INSERT INTO `pj_pelanggan` (`id_pelanggan`, `nama`, `alamat`, `telp`, `info_tambahan`, `kode_unik`, `waktu_input`, `dihapus`) VALUES
(22, 'yudi', 'gg mangga', '082340916026', 'jj', '15196253512', '2018-02-26 13:09:11', 'tidak'),
(23, 'Ika', 'Gg. Mangga 4', '08591234943', 'Tukang Makan', '15209814202', '2018-03-14 05:50:20', 'tidak');

-- --------------------------------------------------------

--
-- Struktur dari tabel `pj_penjualan_detail`
--

CREATE TABLE IF NOT EXISTS `pj_penjualan_detail` (
  `id_penjualan_m` int(1) unsigned NOT NULL,
  `id_menu` int(1) NOT NULL,
  `jumlah_beli` smallint(1) unsigned NOT NULL,
  `harga_satuan` decimal(10,0) NOT NULL,
  `diskon` int(12) DEFAULT NULL,
  `total` decimal(10,0) NOT NULL,
  `id_penjualan_d` int(11) NOT NULL AUTO_INCREMENT,
  PRIMARY KEY (`id_penjualan_d`)
) ENGINE=MyISAM  DEFAULT CHARSET=latin1 AUTO_INCREMENT=96 ;

--
-- Dumping data untuk tabel `pj_penjualan_detail`
--

INSERT INTO `pj_penjualan_detail` (`id_penjualan_m`, `id_menu`, `jumlah_beli`, `harga_satuan`, `diskon`, `total`, `id_penjualan_d`) VALUES
(55, 19, 1, '12000', 20, '9600', 95),
(54, 19, 3, '12000', 0, '36000', 94),
(53, 19, 2, '12000', 0, '24000', 93),
(52, 19, 1, '12000', 0, '12000', 92),
(51, 22, 1, '5000', 0, '5000', 91),
(50, 28, 3, '5000', 0, '15000', 89),
(50, 19, 3, '12000', 0, '36000', 88),
(49, 20, 2, '20000', 0, '40000', 87),
(51, 19, 2, '12000', 0, '24000', 90),
(49, 26, 3, '5000', 0, '15000', 52),
(49, 19, 3, '12000', 0, '36000', 51);

-- --------------------------------------------------------

--
-- Struktur dari tabel `pj_penjualan_master`
--

CREATE TABLE IF NOT EXISTS `pj_penjualan_master` (
  `id_penjualan_m` int(1) unsigned NOT NULL AUTO_INCREMENT,
  `nomor_nota` varchar(40) NOT NULL,
  `tanggal` datetime NOT NULL,
  `grand_total` decimal(10,0) NOT NULL,
  `bayar` decimal(10,0) NOT NULL,
  `keterangan_lain` text,
  `id_pelanggan` mediumint(1) unsigned DEFAULT NULL,
  `id_user` mediumint(1) unsigned NOT NULL,
  PRIMARY KEY (`id_penjualan_m`)
) ENGINE=MyISAM  DEFAULT CHARSET=latin1 AUTO_INCREMENT=56 ;

--
-- Dumping data untuk tabel `pj_penjualan_master`
--

INSERT INTO `pj_penjualan_master` (`id_penjualan_m`, `nomor_nota`, `tanggal`, `grand_total`, `bayar`, `keterangan_lain`, `id_pelanggan`, `id_user`) VALUES
(54, '5AF13EE5B4F7B1', '2018-05-08 08:08:37', '36000', '0', '', NULL, 1),
(55, '5B1B22E1C54C81', '2018-06-09 02:44:17', '9600', '10000', 'csasd', 23, 2),
(53, '5ADA8F18689771', '2018-04-21 03:08:40', '24000', '0', 'ICHAL', NULL, 1),
(52, '5ADA8F00D38211', '2018-04-21 03:08:16', '12000', '0', '', NULL, 1),
(51, '5AD95C25A21501', '2018-04-20 05:19:01', '29000', '0', 'meja 3', NULL, 1),
(50, '5AD81D3324FA31', '2018-04-19 06:38:11', '51000', '0', 'meja 2 (Firman)', NULL, 1),
(49, '5AD80CFD741671', '2018-04-19 05:29:01', '91000', '0', 'LUNAS', NULL, 1);

-- --------------------------------------------------------

--
-- Struktur dari tabel `pj_user`
--

CREATE TABLE IF NOT EXISTS `pj_user` (
  `id_user` mediumint(1) unsigned NOT NULL AUTO_INCREMENT,
  `username` varchar(40) NOT NULL,
  `password` varchar(60) NOT NULL,
  `nama` varchar(50) NOT NULL,
  `id_akses` tinyint(1) unsigned NOT NULL,
  `status` enum('Aktif','Non Aktif') NOT NULL,
  `dihapus` enum('tidak','ya') NOT NULL,
  PRIMARY KEY (`id_user`)
) ENGINE=MyISAM  DEFAULT CHARSET=latin1 AUTO_INCREMENT=9 ;

--
-- Dumping data untuk tabel `pj_user`
--

INSERT INTO `pj_user` (`id_user`, `username`, `password`, `nama`, `id_akses`, `status`, `dihapus`) VALUES
(1, 'admin', 'dc90153c9ff26f305f80a6239b09caaadea33381', 'Bang Admin', 1, 'Aktif', 'tidak'),
(2, 'kasir', '8691e4fc53b99da544ce86e22acba62d13352eff', 'Centini', 2, 'Aktif', 'tidak'),
(3, 'kasir2', '08dfc5f04f9704943a423ea5732b98d3567cbd49', 'Kasir Dua', 2, 'Aktif', 'ya'),
(4, 'jaka', '2ec22095503fe843326e7c19dd2ab98716b63e4d', 'Jaka Sembung', 3, 'Aktif', 'ya'),
(5, 'invent', '1e489c2d76b5aefae881eb42a63e183f43c595da', 'Jaka Sembung', 3, 'Aktif', 'tidak'),
(6, 'uang', '7838e4583d05fe73c7b0d8b0c4d1197fee990ac3', 'Joko Haji', 4, 'Aktif', 'tidak'),
(7, 'amir', '1dd89e5367785ba89076cd264daac0464fdf0d7b', 'amir', 3, 'Aktif', 'ya'),
(8, 'ichal', '611def533bac0d3e48e8d7fbb4cf479c29f81f9c', 'Nizar Hafizullah', 2, 'Aktif', 'ya');

/*!40101 SET CHARACTER_SET_CLIENT=@OLD_CHARACTER_SET_CLIENT */;
/*!40101 SET CHARACTER_SET_RESULTS=@OLD_CHARACTER_SET_RESULTS */;
/*!40101 SET COLLATION_CONNECTION=@OLD_COLLATION_CONNECTION */;
